"Date","Weight","BMI","Fat"
"2014-01-01",186,27.46,0
"2014-01-01",186,27.46,0
"2014-01-02",186.12,27.47,0
"2014-01-02",186.12,27.47,0
"2014-01-03",186.23,27.49,0
"2014-01-03",186.23,27.49,0
"2014-01-04",186.35,27.51,0
"2014-01-04",186.35,27.51,0
"2014-01-05",186.46,27.52,0
"2014-01-05",186.46,27.52,0
"2014-01-06",186.58,27.54,0
"2014-01-06",186.58,27.54,0
"2014-01-07",186.69,27.56,0
"2014-01-07",186.69,27.56,0
"2014-01-08",186.81,27.57,0
"2014-01-08",186.81,27.57,0
"2014-01-09",186.92,27.59,0
"2014-01-09",186.92,27.59,0
"2014-01-10",187.04,27.61,0
"2014-01-10",187.04,27.61,0
"2014-01-11",187.15,27.63,0
"2014-01-11",187.15,27.63,0
"2014-01-12",187.26,27.64,0
"2014-01-12",187.26,27.64,0
"2014-01-13",187.38,27.66,0
"2014-01-13",187.38,27.66,0
"2014-01-14",187.49,27.68,0
"2014-01-14",187.49,27.68,0
"2014-01-15",187.61,27.69,0
"2014-01-15",187.61,27.69,0
"2014-01-16",187.72,27.71,0
"2014-01-16",187.72,27.71,0
"2014-01-17",187.84,27.73,0
"2014-01-17",187.84,27.73,0
"2014-01-18",187.95,27.74,0
"2014-01-18",187.95,27.74,0
"2014-01-19",188.07,27.76,0
"2014-01-19",188.07,27.76,0
"2014-01-20",188.18,27.78,0
"2014-01-20",188.18,27.78,0
"2014-01-21",188.3,27.79,0
"2014-01-21",188.3,27.79,0
"2014-01-22",188.41,27.81,0
"2014-01-22",188.41,27.81,0
"2014-01-23",188.53,27.83,0
"2014-01-23",188.53,27.83,0
"2014-01-24",188.64,27.85,0
"2014-01-24",188.64,27.85,0
"2014-01-25",188.75,27.86,0
"2014-01-25",188.75,27.86,0
"2014-01-26",188.87,27.88,0
"2014-01-26",188.87,27.88,0
"2014-01-27",188.98,27.9,0
"2014-01-27",188.98,27.9,0
"2014-01-28",189.1,27.91,0
"2014-01-28",189.1,27.91,0
"2014-01-29",189.21,27.93,0
"2014-01-29",189.21,27.93,0
"2014-01-30",189.33,27.95,0
"2014-01-30",189.33,27.95,0
"2014-01-31",189.44,27.96,0
"2014-01-31",189.44,27.96,0
"2014-02-01",187.42,27.67,0
"2014-02-01",187.42,27.67,0
"2014-02-02",187.53,27.68,0
"2014-02-02",187.53,27.68,0
"2014-02-03",187.63,27.7,0
"2014-02-03",187.63,27.7,0
"2014-02-04",187.74,27.71,0
"2014-02-04",187.74,27.71,0
"2014-02-05",187.85,27.73,0
"2014-02-05",187.85,27.73,0
"2014-02-06",187.95,27.74,0
"2014-02-06",187.95,27.74,0
"2014-02-07",188.06,27.76,0
"2014-02-07",188.06,27.76,0
"2014-02-08",188.16,27.77,0
"2014-02-08",188.16,27.77,0
"2014-02-09",188.27,27.79,0
"2014-02-09",188.27,27.79,0
"2014-02-10",188.38,27.81,0
"2014-02-10",188.38,27.81,0
"2014-02-11",188.48,27.82,0
"2014-02-11",188.48,27.82,0
"2014-02-12",188.59,27.84,0
"2014-02-12",188.59,27.84,0
"2014-02-13",188.69,27.85,0
"2014-02-13",188.69,27.85,0
"2014-02-14",188.8,27.87,0
"2014-02-14",188.8,27.87,0
"2014-02-15",188.9,27.88,0
"2014-02-15",188.9,27.88,0
"2014-02-16",189.01,27.9,0
"2014-02-16",189.01,27.9,0
"2014-02-17",189.12,27.92,0
"2014-02-17",189.12,27.92,0
"2014-02-18",189.22,27.93,0
"2014-02-18",189.22,27.93,0
"2014-02-19",189.33,27.95,0
"2014-02-19",189.33,27.95,0
"2014-02-20",189.43,27.96,0
"2014-02-20",189.43,27.96,0
"2014-02-21",189.54,27.98,0
"2014-02-21",189.54,27.98,0
"2014-02-22",189.65,27.99,0
"2014-02-22",189.65,27.99,0
"2014-02-23",189.75,28.01,0
"2014-02-23",189.75,28.01,0
"2014-02-24",189.99,28.04,0
"2014-02-24",189.99,28.04,0
"2014-02-25",189.99,28.04,0
"2014-02-25",189.99,28.04,0
"2014-02-26",189.99,28.04,0
"2014-02-26",189.99,28.04,0
"2014-02-27",189.99,28.04,0
"2014-02-27",189.99,28.04,0
"2014-02-28",189.99,28.04,0
"2014-02-28",189.99,28.04,0
"2014-03-01",189.99,28.04,0
"2014-03-01",189.99,28.04,0
"2014-03-02",189.99,28.04,0
"2014-03-02",189.99,28.04,0
"2014-03-03",189.99,28.04,0
"2014-03-03",189.99,28.04,0
"2014-03-04",190,28.05,0
"2014-03-04",190,28.05,0
"2014-03-05",189.66,28,0
"2014-03-05",189.66,28,0
"2014-03-06",189.32,27.95,0
"2014-03-06",189.32,27.95,0
"2014-03-07",188.98,27.9,0
"2014-03-07",188.98,27.9,0
"2014-03-08",188.65,27.85,0
"2014-03-08",188.65,27.85,0
"2014-03-09",188.31,27.8,0
"2014-03-09",188.31,27.8,0
"2014-03-10",187.97,27.75,0
"2014-03-10",187.97,27.75,0
"2014-03-11",187.63,27.7,0
"2014-03-11",187.63,27.7,0
"2014-03-12",187.3,27.65,0
"2014-03-12",187.3,27.65,0
"2014-03-13",186.96,27.6,0
"2014-03-13",186.96,27.6,0
"2014-03-14",186.62,27.55,0
"2014-03-14",186.62,27.55,0
"2014-03-15",186.29,27.5,0
"2014-03-15",186.29,27.5,0
"2014-03-16",185.95,27.45,0
"2014-03-16",185.95,27.45,0
"2014-03-17",185.61,27.4,0
"2014-03-17",185.61,27.4,0
"2014-03-18",185.27,27.35,0
"2014-03-18",185.27,27.35,0
"2014-03-19",184.94,27.3,0
"2014-03-19",184.94,27.3,0
"2014-03-20",184.6,27.25,0
"2014-03-20",184.6,27.25,0
"2014-03-21",184.26,27.2,0
"2014-03-21",184.26,27.2,0
"2014-03-22",183.92,27.15,0
"2014-03-22",183.92,27.15,0
"2014-03-23",183.59,27.1,0
"2014-03-23",183.59,27.1,0
"2014-03-24",183.25,27.05,0
"2014-03-24",183.25,27.05,0
"2014-03-25",182.91,27,0
"2014-03-25",182.91,27,0
"2014-03-26",182.58,26.95,0
"2014-03-26",182.58,26.95,0
"2014-03-27",182.24,26.9,0
"2014-03-27",182.24,26.9,0
"2014-03-28",181.9,26.85,0
"2014-03-28",181.9,26.85,0
"2014-03-29",181.56,26.8,0
"2014-03-29",181.56,26.8,0
"2014-03-30",181.23,26.75,0
"2014-03-30",181.23,26.75,0
"2014-03-31",180.89,26.7,0
"2014-03-31",180.89,26.7,0
"2014-04-01",185.43,27.37,0
"2014-04-01",185.43,27.37,0
"2014-04-02",185.26,27.35,0
"2014-04-02",185.26,27.35,0
"2014-04-03",185.1,27.32,0
"2014-04-03",185.1,27.32,0
"2014-04-04",184.94,27.3,0
"2014-04-04",184.94,27.3,0
"2014-04-05",184.78,27.27,0
"2014-04-05",184.78,27.27,0
"2014-04-06",184.61,27.25,0
"2014-04-06",184.61,27.25,0
"2014-04-07",184.45,27.23,0
"2014-04-07",184.45,27.23,0
"2014-04-08",184.29,27.2,0
"2014-04-08",184.29,27.2,0
"2014-04-09",184.12,27.18,0
"2014-04-09",184.12,27.18,0
"2014-04-10",183.96,27.15,0
"2014-04-10",183.96,27.15,0
"2014-04-11",183.8,27.13,0
"2014-04-11",183.8,27.13,0
"2014-04-12",183.63,27.11,0
"2014-04-12",183.63,27.11,0
"2014-04-13",183.47,27.08,0
"2014-04-13",183.47,27.08,0
"2014-04-14",183.31,27.06,0
"2014-04-14",183.31,27.06,0
"2014-04-15",183.14,27.03,0
"2014-04-15",183.14,27.03,0
"2014-04-16",182.98,27.01,0
"2014-04-16",182.98,27.01,0
"2014-04-17",182.82,26.99,0
"2014-04-17",182.82,26.99,0
"2014-04-18",182.65,26.96,0
"2014-04-18",182.65,26.96,0
"2014-04-19",182.49,26.94,0
"2014-04-19",182.49,26.94,0
"2014-04-20",182.33,26.91,0
"2014-04-20",182.33,26.91,0
"2014-04-21",182.17,26.89,0
"2014-04-21",182.17,26.89,0
"2014-04-22",182,26.87,0
"2014-04-22",182,26.87,0
"2014-04-23",181.84,26.84,0
"2014-04-23",181.84,26.84,0
"2014-04-24",181.68,26.82,0
"2014-04-24",181.68,26.82,0
"2014-04-25",181.51,26.79,0
"2014-04-25",181.51,26.79,0
"2014-04-26",181.35,26.77,0
"2014-04-26",181.35,26.77,0
"2014-04-27",181.19,26.74,0
"2014-04-27",181.19,26.74,0
"2014-04-28",181.02,26.72,0
"2014-04-28",181.02,26.72,0
"2014-04-29",180.86,26.7,0
"2014-04-29",180.86,26.7,0
"2014-04-30",180.7,26.67,0
"2014-04-30",180.7,26.67,0
"2014-05-01",183.86,27.14,0
"2014-05-01",183.86,27.14,0
"2014-05-02",183.75,27.12,0
"2014-05-02",183.75,27.12,0
"2014-05-03",183.65,27.11,0
"2014-05-03",183.65,27.11,0
"2014-05-04",183.54,27.09,0
"2014-05-04",183.54,27.09,0
"2014-05-05",183.44,27.08,0
"2014-05-05",183.44,27.08,0
"2014-05-06",183.33,27.06,0
"2014-05-06",183.33,27.06,0
"2014-05-07",183.22,27.05,0
"2014-05-07",183.22,27.05,0
"2014-05-08",183.12,27.03,0
"2014-05-08",183.12,27.03,0
"2014-05-09",183.01,27.01,0
"2014-05-09",183.01,27.01,0
"2014-05-10",182.91,27,0
"2014-05-10",182.91,27,0
"2014-05-11",182.8,26.98,0
"2014-05-11",182.8,26.98,0
"2014-05-12",182.69,26.97,0
"2014-05-12",182.69,26.97,0
"2014-05-13",182.59,26.95,0
"2014-05-13",182.59,26.95,0
"2014-05-14",182.48,26.94,0
"2014-05-14",182.48,26.94,0
"2014-05-15",182.38,26.92,0
"2014-05-15",182.38,26.92,0
"2014-05-16",182.27,26.9,0
"2014-05-16",182.27,26.9,0
"2014-05-17",182.17,26.89,0
"2014-05-17",182.17,26.89,0
"2014-05-18",182.06,26.87,0
"2014-05-18",182.06,26.87,0
"2014-05-19",181.95,26.86,0
"2014-05-19",181.95,26.86,0
"2014-05-20",181.85,26.84,0
"2014-05-20",181.85,26.84,0
"2014-05-21",181.74,26.83,0
"2014-05-21",181.74,26.83,0
"2014-05-22",181.64,26.81,0
"2014-05-22",181.64,26.81,0
"2014-05-23",181.53,26.8,0
"2014-05-23",181.53,26.8,0
"2014-05-24",181.42,26.78,0
"2014-05-24",181.42,26.78,0
"2014-05-25",181.32,26.76,0
"2014-05-25",181.32,26.76,0
"2014-05-26",181.21,26.75,0
"2014-05-26",181.21,26.75,0
"2014-05-27",181.11,26.73,0
"2014-05-27",181.11,26.73,0
"2014-05-28",181,26.72,0
"2014-05-28",181,26.72,0
"2014-05-29",180.9,26.7,0
"2014-05-29",180.9,26.7,0
"2014-05-30",180.79,26.69,0
"2014-05-30",180.79,26.69,0
"2014-05-31",180.68,26.67,0
"2014-05-31",180.68,26.67,0
"2014-06-01",182.93,27,0
"2014-06-01",182.93,27,0
"2014-06-02",182.85,26.99,0
"2014-06-02",182.85,26.99,0
"2014-06-03",182.77,26.98,0
"2014-06-03",182.77,26.98,0
"2014-06-04",182.69,26.97,0
"2014-06-04",182.69,26.97,0
"2014-06-05",182.61,26.96,0
"2014-06-05",182.61,26.96,0
"2014-06-06",182.54,26.94,0
"2014-06-06",182.54,26.94,0
"2014-06-07",182.46,26.93,0
"2014-06-07",182.46,26.93,0
"2014-06-08",182.38,26.92,0
"2014-06-08",182.38,26.92,0
"2014-06-09",182.3,26.91,0
"2014-06-09",182.3,26.91,0
"2014-06-10",182.22,26.9,0
"2014-06-10",182.22,26.9,0
"2014-06-11",182.14,26.89,0
"2014-06-11",182.14,26.89,0
"2014-06-12",182.06,26.87,0
"2014-06-12",182.06,26.87,0
"2014-06-13",181.98,26.86,0
"2014-06-13",181.98,26.86,0
"2014-06-14",181.9,26.85,0
"2014-06-14",181.9,26.85,0
"2014-06-15",181.82,26.84,0
"2014-06-15",181.82,26.84,0
"2014-06-16",181.74,26.83,0
"2014-06-16",181.74,26.83,0
"2014-06-17",181.66,26.82,0
"2014-06-17",181.66,26.82,0
"2014-06-18",181.58,26.8,0
"2014-06-18",181.58,26.8,0
"2014-06-19",181.5,26.79,0
"2014-06-19",181.5,26.79,0
"2014-06-20",181.42,26.78,0
"2014-06-20",181.42,26.78,0
"2014-06-21",181.35,26.77,0
"2014-06-21",181.35,26.77,0
"2014-06-22",181.27,26.76,0
"2014-06-22",181.27,26.76,0
"2014-06-23",181.19,26.74,0
"2014-06-23",181.19,26.74,0
"2014-06-24",181.11,26.73,0
"2014-06-24",181.11,26.73,0
"2014-06-25",181.03,26.72,0
"2014-06-25",181.03,26.72,0
"2014-06-26",180.95,26.71,0
"2014-06-26",180.95,26.71,0
"2014-06-27",180.87,26.7,0
"2014-06-27",180.87,26.7,0
"2014-06-28",180.79,26.69,0
"2014-06-28",180.79,26.69,0
"2014-06-29",180.71,26.67,0
"2014-06-29",180.71,26.67,0
"2014-06-30",180.63,26.66,0
"2014-06-30",180.63,26.66,0
"2014-07-01",182.65,26.96,0
"2014-07-01",182.65,26.96,0
"2014-07-02",182.59,26.95,0
"2014-07-02",182.59,26.95,0
"2014-07-03",182.53,26.94,0
"2014-07-03",182.53,26.94,0
"2014-07-04",182.46,26.93,0
"2014-07-04",182.46,26.93,0
"2014-07-05",182.4,26.92,0
"2014-07-05",182.4,26.92,0
"2014-07-06",182.34,26.92,0
"2014-07-06",182.34,26.92,0
"2014-07-07",182.28,26.91,0
"2014-07-07",182.28,26.91,0
"2014-07-08",182.22,26.9,0
"2014-07-08",182.22,26.9,0
"2014-07-09",182.16,26.89,0
"2014-07-09",182.16,26.89,0
"2014-07-10",182.09,26.88,0
"2014-07-10",182.09,26.88,0
"2014-07-11",182.03,26.87,0
"2014-07-11",182.03,26.87,0
"2014-07-12",181.97,26.86,0
"2014-07-12",181.97,26.86,0
"2014-07-13",181.91,26.85,0
"2014-07-13",181.91,26.85,0
"2014-07-14",181.85,26.84,0
"2014-07-14",181.85,26.84,0
"2014-07-15",181.79,26.83,0
"2014-07-15",181.79,26.83,0
"2014-07-16",181.72,26.82,0
"2014-07-16",181.72,26.82,0
"2014-07-17",181.66,26.82,0
"2014-07-17",181.66,26.82,0
"2014-07-18",181.6,26.81,0
"2014-07-18",181.6,26.81,0
"2014-07-19",181.54,26.8,0
"2014-07-19",181.54,26.8,0
"2014-07-20",181.48,26.79,0
"2014-07-20",181.48,26.79,0
"2014-07-21",181.42,26.78,0
"2014-07-21",181.42,26.78,0
"2014-07-22",181.35,26.77,0
"2014-07-22",181.35,26.77,0
"2014-07-23",181.29,26.76,0
"2014-07-23",181.29,26.76,0
"2014-07-24",181.23,26.75,0
"2014-07-24",181.23,26.75,0
"2014-07-25",181.17,26.74,0
"2014-07-25",181.17,26.74,0
"2014-07-26",181.11,26.73,0
"2014-07-26",181.11,26.73,0
"2014-07-27",181.05,26.72,0
"2014-07-27",181.05,26.72,0
"2014-07-28",180.98,26.71,0
"2014-07-28",180.98,26.71,0
"2014-07-29",180.92,26.71,0
"2014-07-29",180.92,26.71,0
"2014-07-30",180.86,26.7,0
"2014-07-30",180.86,26.7,0
"2014-07-31",180.8,26.69,0
"2014-07-31",180.8,26.69,0
"2014-08-01",182.39,26.92,0
"2014-08-01",182.39,26.92,0
"2014-08-02",182.34,26.91,0
"2014-08-02",182.34,26.91,0
"2014-08-03",182.29,26.91,0
"2014-08-03",182.29,26.91,0
"2014-08-04",182.24,26.9,0
"2014-08-04",182.24,26.9,0
"2014-08-05",182.19,26.89,0
"2014-08-05",182.19,26.89,0
"2014-08-06",182.14,26.89,0
"2014-08-06",182.14,26.89,0
"2014-08-07",182.09,26.88,0
"2014-08-07",182.09,26.88,0
"2014-08-08",182.04,26.87,0
"2014-08-08",182.04,26.87,0
"2014-08-09",181.98,26.86,0
"2014-08-09",181.98,26.86,0
"2014-08-10",181.93,26.86,0
"2014-08-10",181.93,26.86,0
"2014-08-11",181.88,26.85,0
"2014-08-11",181.88,26.85,0
"2014-08-12",181.83,26.84,0
"2014-08-12",181.83,26.84,0
"2014-08-13",181.78,26.83,0
"2014-08-13",181.78,26.83,0
"2014-08-14",181.73,26.83,0
"2014-08-14",181.73,26.83,0
"2014-08-15",181.68,26.82,0
"2014-08-15",181.68,26.82,0
"2014-08-16",181.63,26.81,0
"2014-08-16",181.63,26.81,0
"2014-08-17",181.58,26.8,0
"2014-08-17",181.58,26.8,0
"2014-08-18",181.53,26.8,0
"2014-08-18",181.53,26.8,0
"2014-08-19",181.48,26.79,0
"2014-08-19",181.48,26.79,0
"2014-08-20",181.43,26.78,0
"2014-08-20",181.43,26.78,0
"2014-08-21",181.38,26.77,0
"2014-08-21",181.38,26.77,0
"2014-08-22",181.33,26.77,0
"2014-08-22",181.33,26.77,0
"2014-08-23",181.27,26.76,0
"2014-08-23",181.27,26.76,0
"2014-08-24",181.22,26.75,0
"2014-08-24",181.22,26.75,0
"2014-08-25",181.17,26.74,0
"2014-08-25",181.17,26.74,0
"2014-08-26",181.12,26.74,0
"2014-08-26",181.12,26.74,0
"2014-08-27",181.07,26.73,0
"2014-08-27",181.07,26.73,0
"2014-08-28",181.02,26.72,0
"2014-08-28",181.02,26.72,0
"2014-08-29",180.97,26.71,0
"2014-08-29",180.97,26.71,0
"2014-08-30",180.92,26.71,0
"2014-08-30",180.92,26.71,0
"2014-08-31",180.87,26.7,0
"2014-08-31",180.87,26.7,0
"2014-09-01",182.02,26.87,0
"2014-09-01",182.02,26.87,0
"2014-09-02",181.97,26.86,0
"2014-09-02",181.97,26.86,0
"2014-09-03",181.93,26.85,0
"2014-09-03",181.93,26.85,0
"2014-09-04",181.88,26.85,0
"2014-09-04",181.88,26.85,0
"2014-09-05",181.84,26.84,0
"2014-09-05",181.84,26.84,0
"2014-09-06",181.79,26.83,0
"2014-09-06",181.79,26.83,0
"2014-09-07",181.75,26.83,0
"2014-09-07",181.75,26.83,0
"2014-09-08",181.71,26.82,0
"2014-09-08",181.71,26.82,0
"2014-09-09",181.66,26.82,0
"2014-09-09",181.66,26.82,0
"2014-09-10",181.62,26.81,0
"2014-09-10",181.62,26.81,0
"2014-09-11",181.57,26.8,0
"2014-09-11",181.57,26.8,0
"2014-09-12",181.53,26.8,0
"2014-09-12",181.53,26.8,0
"2014-09-13",181.49,26.79,0
"2014-09-13",181.49,26.79,0
"2014-09-14",181.44,26.78,0
"2014-09-14",181.44,26.78,0
"2014-09-15",181.4,26.78,0
"2014-09-15",181.4,26.78,0
"2014-09-16",181.35,26.77,0
"2014-09-16",181.35,26.77,0
"2014-09-17",181.31,26.76,0
"2014-09-17",181.31,26.76,0
"2014-09-18",181.27,26.76,0
"2014-09-18",181.27,26.76,0
"2014-09-19",181.22,26.75,0
"2014-09-19",181.22,26.75,0
"2014-09-20",181.18,26.74,0
"2014-09-20",181.18,26.74,0
"2014-09-21",181.13,26.74,0
"2014-09-21",181.13,26.74,0
"2014-09-22",181.09,26.73,0
"2014-09-22",181.09,26.73,0
"2014-09-23",181.05,26.72,0
"2014-09-23",181.05,26.72,0
"2014-09-24",181,26.72,0
"2014-09-24",181,26.72,0
"2014-09-25",180.96,26.71,0
"2014-09-25",180.96,26.71,0
"2014-09-26",180.91,26.7,0
"2014-09-26",180.91,26.7,0
"2014-09-27",180.87,26.7,0
"2014-09-27",180.87,26.7,0
"2014-09-28",180.82,26.69,0
"2014-09-28",180.82,26.69,0
"2014-09-29",180.78,26.68,0
"2014-09-29",180.78,26.68,0
"2014-09-30",180.74,26.68,0
"2014-09-30",180.74,26.68,0
"2014-10-01",181.16,26.74,23.461
"2014-10-01",181.16,26.74,23.461
"2014-10-02",181.12,26.73,23.461
"2014-10-02",181.12,26.73,23.461
"2014-10-03",181.07,26.73,23.461
"2014-10-03",181.07,26.73,23.461
"2014-10-04",181.03,26.72,23.461
"2014-10-04",181.03,26.72,23.461
"2014-10-05",180.99,26.72,23.461
"2014-10-05",180.99,26.72,23.461
"2014-10-06",180.51,26.64,23.461
"2014-10-06",180.51,26.64,23.461
"2014-10-07",181.04,26.72,23.447
"2014-10-07",181.04,26.72,23.447
"2014-10-08",180.73,26.68,23.926
"2014-10-08",180.73,26.68,23.926
"2014-10-09",180.09,26.58,24.378
"2014-10-09",180.09,26.58,24.378
"2014-10-10",181.3,26.76,23.902
"2014-10-10",181.3,26.76,23.902
"2014-10-11",179.61,26.51,23.545
"2014-10-11",179.61,26.51,23.545
"2014-10-12",178.7,26.38,22.867
"2014-10-12",178.7,26.38,22.867
"2014-10-13",177.82,26.25,22.952
"2014-10-13",177.82,26.25,22.952
"2014-10-14",179.34,26.47,23.142
"2014-10-14",179.34,26.47,23.142
"2014-10-15",178.37,26.33,23.347
"2014-10-15",178.37,26.33,23.347
"2014-10-16",179.27,26.46,23.215
"2014-10-16",179.27,26.46,23.215
"2014-10-17",176.19,26.01,22.854
"2014-10-17",176.19,26.01,22.854
"2014-10-18",176.45,26.05,23.158
"2014-10-18",176.45,26.05,23.158
"2014-10-19",176.98,26.12,22.954
"2014-10-19",176.98,26.12,22.954
"2014-10-20",175.39,25.89,22.691
"2014-10-20",175.39,25.89,22.691
"2014-10-21",176.19,26.01,22.545
"2014-10-21",176.19,26.01,22.545
"2014-10-22",177.45,26.19,21.851
"2014-10-22",177.45,26.19,21.851
"2014-10-23",174.73,25.79,21.434
"2014-10-23",174.73,25.79,21.434
"2014-10-24",174.16,25.71,21.69
"2014-10-24",174.16,25.71,21.69
"2014-10-25",174.98,25.83,21.75
"2014-10-25",174.98,25.83,21.75
"2014-10-26",172.88,25.52,21.604
"2014-10-26",172.88,25.52,21.604
"2014-10-27",173.48,25.61,20.822
"2014-10-27",173.48,25.61,20.822
"2014-10-28",173.51,25.61,20.784
"2014-10-28",173.51,25.61,20.784
"2014-10-29",173.53,25.62,20.746
"2014-10-29",173.53,25.62,20.746
"2014-10-30",173.56,25.62,20.708
"2014-10-30",173.56,25.62,20.708
"2014-10-31",173.56,25.62,19.981
"2014-10-31",173.56,25.62,19.981
"2014-11-01",173.56,25.62,20.277
"2014-11-01",173.56,25.62,20.277
"2014-11-02",173.56,25.62,20.573
"2014-11-02",173.56,25.62,20.573
"2014-11-03",170.63,25.19,20.75
"2014-11-03",170.63,25.19,20.75
"2014-11-04",172.73,25.5,20.971
"2014-11-04",172.73,25.5,20.971
"2014-11-05",170.52,25.17,21.083
"2014-11-05",170.52,25.17,21.083
"2014-11-06",170.52,25.17,21.611
"2014-11-06",170.52,25.17,21.611
"2014-11-07",170.9,25.23,21.763
"2014-11-07",170.9,25.23,21.763
"2014-11-08",172.29,25.43,21.812
"2014-11-08",172.29,25.43,21.812
"2014-11-09",169.66,25.04,21.218
"2014-11-09",169.66,25.04,21.218
"2014-11-10",169.66,25.04,21.109
"2014-11-10",169.66,25.04,21.109
"2014-11-11",169.66,25.04,20.999
"2014-11-11",169.66,25.04,20.999
"2014-11-12",169.29,24.99,21.157
"2014-11-12",169.29,24.99,21.157
"2014-11-13",168.91,24.93,21.315
"2014-11-13",168.91,24.93,21.315
"2014-11-14",168.14,24.82,20.69
"2014-11-14",168.14,24.82,20.69
"2014-11-15",167.56,24.73,20.652
"2014-11-15",167.56,24.73,20.652
"2014-11-16",166.98,24.65,20.614
"2014-11-16",166.98,24.65,20.614
"2014-11-17",166.4,24.56,20.575
"2014-11-17",166.4,24.56,20.575
"2014-11-18",167.7,24.75,20.506
"2014-11-18",167.7,24.75,20.506
"2014-11-19",169,24.95,20.437
"2014-11-19",169,24.95,20.437
"2014-11-20",168.23,24.83,20.589
"2014-11-20",168.23,24.83,20.589
"2014-11-21",166.73,24.61,20.18
"2014-11-21",166.73,24.61,20.18
"2014-11-22",165.94,24.49,20.003
"2014-11-22",165.94,24.49,20.003
"2014-11-23",169.07,24.96,19.916
"2014-11-23",169.07,24.96,19.916
"2014-11-24",168.69,24.9,20.016
"2014-11-24",168.69,24.9,20.016
"2014-11-25",167.95,24.79,19.845
"2014-11-25",167.95,24.79,19.845
"2014-11-26",167.22,24.68,19.673
"2014-11-26",167.22,24.68,19.673
"2014-11-27",167.46,24.72,19.734
"2014-11-27",167.46,24.72,19.734
"2014-11-28",167.71,24.76,19.795
"2014-11-28",167.71,24.76,19.795
"2014-11-29",167.97,24.79,19.856
"2014-11-29",167.97,24.79,19.856
"2014-11-30",168.21,24.83,19.841
"2014-11-30",168.21,24.83,19.841
"2014-12-01",168.45,24.86,19.826
"2014-12-01",168.45,24.86,19.826
"2014-12-02",168.45,24.86,19.993
"2014-12-02",168.45,24.86,19.993
"2014-12-03",166.62,24.59,20.009
"2014-12-03",166.62,24.59,20.009
"2014-12-04",166,24.5,20.041
"2014-12-04",166,24.5,20.041
"2014-12-05",164.92,24.34,19.996
"2014-12-05",164.92,24.34,19.996
"2014-12-06",165.45,24.42,19.82
"2014-12-06",165.45,24.42,19.82
"2014-12-07",162.63,24.01,19.52
"2014-12-07",162.63,24.01,19.52
"2014-12-08",166.8,24.62,18.94
"2014-12-08",166.8,24.62,18.94
"2014-12-09",165.34,24.41,19.749
"2014-12-09",165.34,24.41,19.749
"2014-12-10",165.08,24.37,19.915
"2014-12-10",165.08,24.37,19.915
"2014-12-11",163.42,24.12,20.143
"2014-12-11",163.42,24.12,20.143
"2014-12-12",162.94,24.05,20.247
"2014-12-12",162.94,24.05,20.247
"2014-12-13",162.08,23.92,20.246
"2014-12-13",162.08,23.92,20.246
"2014-12-14",162.32,23.96,19.895
"2014-12-14",162.32,23.96,19.895
"2014-12-15",162.32,23.96,19.631
"2014-12-15",162.32,23.96,19.631
"2014-12-16",163.6,24.15,19.235
"2014-12-16",163.6,24.15,19.235
"2014-12-17",161.62,23.86,19.285
"2014-12-17",161.62,23.86,19.285
"2014-12-18",160.82,23.74,19.042
"2014-12-18",160.82,23.74,19.042
"2014-12-19",161.51,23.84,18.722
"2014-12-19",161.51,23.84,18.722
"2014-12-20",161.09,23.78,18.329
"2014-12-20",161.09,23.78,18.329
"2014-12-21",161.55,23.85,18.562
"2014-12-21",161.55,23.85,18.562
"2014-12-22",162.48,23.98,18.434
"2014-12-22",162.48,23.98,18.434
"2014-12-23",160.54,23.7,18.263
"2014-12-23",160.54,23.7,18.263
"2014-12-24",160.72,23.72,18.263
"2014-12-24",160.72,23.72,18.263
"2014-12-25",160.91,23.75,18.263
"2014-12-25",160.91,23.75,18.263
"2014-12-26",161.1,23.78,18.263
"2014-12-26",161.1,23.78,18.263
"2014-12-27",161.29,23.81,18.263
"2014-12-27",161.29,23.81,18.263
"2014-12-28",161.47,23.83,18.263
"2014-12-28",161.47,23.83,18.263
"2014-12-29",161.66,23.86,18.263
"2014-12-29",161.66,23.86,18.263
"2014-12-30",161.85,23.89,18.263
"2014-12-30",161.85,23.89,18.263
"2014-12-31",162.03,23.92,18.263
"2014-12-31",162.03,23.92,18.263
"2015-01-01",161.29,23.81,18.902
"2015-01-01",161.29,23.81,18.902
"2015-01-02",161.37,23.82,18.902
"2015-01-02",161.37,23.82,18.902
"2015-01-03",161.46,23.83,18.902
"2015-01-03",161.46,23.83,18.902
"2015-01-04",161.54,23.85,18.902
"2015-01-04",161.54,23.85,18.902
"2015-01-05",161.62,23.86,18.902
"2015-01-05",161.62,23.86,18.902
"2015-01-06",161.71,23.87,18.902
"2015-01-06",161.71,23.87,18.902
"2015-01-07",161.79,23.88,18.902
"2015-01-07",161.79,23.88,18.902
"2015-01-08",161.88,23.89,18.902
"2015-01-08",161.88,23.89,18.902
"2015-01-09",161.96,23.91,18.902
"2015-01-09",161.96,23.91,18.902
"2015-01-10",162.04,23.92,18.902
"2015-01-10",162.04,23.92,18.902
"2015-01-11",162.13,23.93,18.902
"2015-01-11",162.13,23.93,18.902
"2015-01-12",162.23,23.95,18.902
"2015-01-12",162.23,23.95,18.902
"2015-01-13",160.82,23.74,19.62
"2015-01-13",160.82,23.74,19.62
"2015-01-14",160.82,23.74,19.812
"2015-01-14",160.82,23.74,19.812
"2015-01-15",159.87,23.6,19.503
"2015-01-15",159.87,23.6,19.503
"2015-01-16",160.54,23.7,18.537
"2015-01-16",160.54,23.7,18.537
"2015-01-17",161.79,23.88,18.364
"2015-01-17",161.79,23.88,18.364
"2015-01-18",160.12,23.63,18.024
"2015-01-18",160.12,23.63,18.024
"2015-01-19",162.03,23.92,17.968
"2015-01-19",162.03,23.92,17.968
"2015-01-20",160.43,23.68,18.239
"2015-01-20",160.43,23.68,18.239
"2015-01-21",161.66,23.86,18.423
"2015-01-21",161.66,23.86,18.423
"2015-01-22",161.24,23.8,18.541
"2015-01-22",161.24,23.8,18.541
"2015-01-23",160.2,23.65,18.375
"2015-01-23",160.2,23.65,18.375
"2015-01-24",158.9,23.46,18.249
"2015-01-24",158.9,23.46,18.249
"2015-01-25",159.43,23.53,18.287
"2015-01-25",159.43,23.53,18.287
"2015-01-26",159.43,23.53,17.93
"2015-01-26",159.43,23.53,17.93
"2015-01-27",159.19,23.5,16.875
"2015-01-27",159.19,23.5,16.875
"2015-01-28",158.33,23.37,17.604
"2015-01-28",158.33,23.37,17.604
"2015-01-29",158.3,23.37,17.604
"2015-01-29",158.3,23.37,17.604
"2015-01-30",158.33,23.37,17.825
"2015-01-30",158.33,23.37,17.825
"2015-01-31",157.6,23.26,18.434
"2015-01-31",157.6,23.26,18.434
"2015-02-01",157.01,23.18,18.482
"2015-02-01",157.01,23.18,18.482
"2015-02-02",159.41,23.53,18.537
"2015-02-02",159.41,23.53,18.537
"2015-02-03",158.79,23.44,18.753
"2015-02-03",158.79,23.44,18.753
"2015-02-04",159.46,23.54,18.652
"2015-02-04",159.46,23.54,18.652
"2015-02-05",157.65,23.27,18.837
"2015-02-05",157.65,23.27,18.837
"2015-02-06",156.24,23.06,18.899
"2015-02-06",156.24,23.06,18.899
"2015-02-07",158.22,23.35,18.038
"2015-02-07",158.22,23.35,18.038
"2015-02-08",158.13,23.34,17.371
"2015-02-08",158.13,23.34,17.371
"2015-02-09",156.63,23.12,16.962
"2015-02-09",156.63,23.12,16.962
"2015-02-10",156.63,23.12,17.312
"2015-02-10",156.63,23.12,17.312
"2015-02-11",155.49,22.95,17.096
"2015-02-11",155.49,22.95,17.096
"2015-02-12",154.91,22.87,17.15
"2015-02-12",154.91,22.87,17.15
"2015-02-13",154.16,22.76,17.225
"2015-02-13",154.16,22.76,17.225
"2015-02-14",154.16,22.76,17.267
"2015-02-14",154.16,22.76,17.267
"2015-02-15",156.48,23.1,19.27
"2015-02-15",156.48,23.1,19.27
"2015-02-16",155.38,22.94,18.736
"2015-02-16",155.38,22.94,18.736
"2015-02-17",154.27,22.77,18.201
"2015-02-17",154.27,22.77,18.201
"2015-02-18",153.41,22.65,17.451
"2015-02-18",153.41,22.65,17.451
"2015-02-19",152.58,22.52,17.547
"2015-02-19",152.58,22.52,17.547
"2015-02-20",152.58,22.52,17.586
"2015-02-20",152.58,22.52,17.586
"2015-02-21",153.92,22.72,17.52
"2015-02-21",153.92,22.72,17.52
"2015-02-22",154.3,22.78,17.547
"2015-02-22",154.3,22.78,17.547
"2015-02-23",154.67,22.83,17.575
"2015-02-23",154.67,22.83,17.575
"2015-02-24",154.05,22.74,17.653
"2015-02-24",154.05,22.74,17.653
"2015-02-25",153.68,22.68,17.798
"2015-02-25",153.68,22.68,17.798
"2015-02-26",153.15,22.61,17.806
"2015-02-26",153.15,22.61,17.806
"2015-02-27",152.42,22.5,17.659
"2015-02-27",152.42,22.5,17.659
"2015-02-28",149.71,22.1,17.361
"2015-02-28",149.71,22.1,17.361
"2015-03-01",151.61,22.38,16.983
"2015-03-01",151.61,22.38,16.983
"2015-03-02",150.9,22.27,16.625
"2015-03-02",150.9,22.27,16.625
"2015-03-03",149.29,22.04,16.902
"2015-03-03",149.29,22.04,16.902
"2015-03-04",149.29,22.04,16.141
"2015-03-04",149.29,22.04,16.141
"2015-03-05",148.7,21.95,16.11
"2015-03-05",148.7,21.95,16.11
"2015-03-06",148.7,21.95,15.913
"2015-03-06",148.7,21.95,15.913
"2015-03-07",149.56,22.08,15.746
"2015-03-07",149.56,22.08,15.746
"2015-03-08",148.01,21.85,15.531
"2015-03-08",148.01,21.85,15.531
"2015-03-09",148.01,21.85,15.526
"2015-03-09",148.01,21.85,15.526
"2015-03-10",148.01,21.85,15.796
"2015-03-10",148.01,21.85,15.796
"2015-03-11",148.01,21.85,15.829
"2015-03-11",148.01,21.85,15.829
"2015-03-12",146.6,21.64,15.704
"2015-03-12",146.6,21.64,15.704
"2015-03-13",146.99,21.7,15.767
"2015-03-13",146.99,21.7,15.767
"2015-03-14",147.38,21.75,15.83
"2015-03-14",147.38,21.75,15.83
"2015-03-15",147.77,21.81,15.893
"2015-03-15",147.77,21.81,15.893
"2015-03-16",148.15,21.87,15.956
"2015-03-16",148.15,21.87,15.956
"2015-03-17",148.54,21.93,16.019
"2015-03-17",148.54,21.93,16.019
"2015-03-18",148.93,21.98,16.082
"2015-03-18",148.93,21.98,16.082
"2015-03-19",149.32,22.04,16.145
"2015-03-19",149.32,22.04,16.145
"2015-03-20",149.71,22.1,16.208
"2015-03-20",149.71,22.1,16.208
"2015-03-21",150.09,22.16,16.271
"2015-03-21",150.09,22.16,16.271
"2015-03-22",150.48,22.21,16.334
"2015-03-22",150.48,22.21,16.334
"2015-03-23",150.88,22.27,16.399
"2015-03-23",150.88,22.27,16.399
"2015-03-24",150.88,22.27,17.016
"2015-03-24",150.88,22.27,17.016
"2015-03-25",150.99,22.29,17.016
"2015-03-25",150.99,22.29,17.016
"2015-03-26",151.11,22.31,17.016
"2015-03-26",151.11,22.31,17.016
"2015-03-27",151.22,22.32,17.016
"2015-03-27",151.22,22.32,17.016
"2015-03-28",151.34,22.34,17.016
"2015-03-28",151.34,22.34,17.016
"2015-03-29",151.45,22.36,17.016
"2015-03-29",151.45,22.36,17.016
"2015-03-30",151.57,22.37,17.016
"2015-03-30",151.57,22.37,17.016
"2015-03-31",151.68,22.39,17.016
"2015-03-31",151.68,22.39,17.016
"2015-04-01",151.2,22.32,16.875
"2015-04-01",151.2,22.32,16.875
"2015-04-02",151.24,22.32,16.875
"2015-04-02",151.24,22.32,16.875
"2015-04-03",151.28,22.33,16.875
"2015-04-03",151.28,22.33,16.875
"2015-04-04",151.32,22.34,16.875
"2015-04-04",151.32,22.34,16.875
"2015-04-05",151.36,22.34,16.875
"2015-04-05",151.36,22.34,16.875
"2015-04-06",151.4,22.35,16.875
"2015-04-06",151.4,22.35,16.875
"2015-04-07",151.43,22.35,16.875
"2015-04-07",151.43,22.35,16.875
"2015-04-08",151.47,22.36,16.875
"2015-04-08",151.47,22.36,16.875
"2015-04-09",151.51,22.37,16.875
"2015-04-09",151.51,22.37,16.875
"2015-04-10",151.55,22.37,16.875
"2015-04-10",151.55,22.37,16.875
"2015-04-11",151.59,22.38,16.875
"2015-04-11",151.59,22.38,16.875
"2015-04-12",151.63,22.38,16.875
"2015-04-12",151.63,22.38,16.875
"2015-04-13",151.67,22.39,16.875
"2015-04-13",151.67,22.39,16.875
"2015-04-14",151.71,22.39,16.875
"2015-04-14",151.71,22.39,16.875
"2015-04-15",151.75,22.4,16.875
"2015-04-15",151.75,22.4,16.875
"2015-04-16",151.81,22.41,16.875
"2015-04-16",151.81,22.41,16.875
"2015-04-17",151.81,22.41,16.947
"2015-04-17",151.81,22.41,16.947
"2015-04-18",151.81,22.41,17.019
"2015-04-18",151.81,22.41,17.019
"2015-04-19",151.81,22.41,17.091
"2015-04-19",151.81,22.41,17.091
"2015-04-20",151.81,22.41,17.163
"2015-04-20",151.81,22.41,17.163
"2015-04-21",151.81,22.41,17.235
"2015-04-21",151.81,22.41,17.235
"2015-04-22",151.81,22.41,17.307
"2015-04-22",151.81,22.41,17.307
"2015-04-23",151.81,22.41,17.379
"2015-04-23",151.81,22.41,17.379
"2015-04-24",151.81,22.41,17.452
"2015-04-24",151.81,22.41,17.452
"2015-04-25",150.68,22.24,17.322
"2015-04-25",150.68,22.24,17.322
"2015-04-26",150.15,22.16,17.443
"2015-04-26",150.15,22.16,17.443
"2015-04-27",149.67,22.09,17.371
"2015-04-27",149.67,22.09,17.371
"2015-04-28",150.45,22.21,17.302
"2015-04-28",150.45,22.21,17.302
"2015-04-29",151.23,22.32,17.232
"2015-04-29",151.23,22.32,17.232
"2015-04-30",149.91,22.13,17.281
"2015-04-30",149.91,22.13,17.281
"2015-05-01",150.53,22.22,17.273
"2015-05-01",150.53,22.22,17.273
"2015-05-02",148.74,21.96,16.74
"2015-05-02",148.74,21.96,16.74
"2015-05-03",148.87,21.98,16.776
"2015-05-03",148.87,21.98,16.776
"2015-05-04",149.01,21.99,16.812
"2015-05-04",149.01,21.99,16.812
"2015-05-05",149.14,22.01,16.85
"2015-05-05",149.14,22.01,16.85
"2015-05-06",150.26,22.18,16.769
"2015-05-06",150.26,22.18,16.769
"2015-05-07",151.39,22.35,16.687
"2015-05-07",151.39,22.35,16.687
"2015-05-08",151.55,22.37,16.634
"2015-05-08",151.55,22.37,16.634
"2015-05-09",151.7,22.39,16.581
"2015-05-09",151.7,22.39,16.581
"2015-05-10",151.86,22.42,16.528
"2015-05-10",151.86,22.42,16.528
"2015-05-11",152.03,22.44,16.472
"2015-05-11",152.03,22.44,16.472
"2015-05-12",152.03,22.44,16.364
"2015-05-12",152.03,22.44,16.364
"2015-05-13",151.61,22.38,16.283
"2015-05-13",151.61,22.38,16.283
"2015-05-14",151.19,22.32,16.201
"2015-05-14",151.19,22.32,16.201
"2015-05-15",151.51,22.36,16.21
"2015-05-15",151.51,22.36,16.21
"2015-05-16",151.83,22.41,16.219
"2015-05-16",151.83,22.41,16.219
"2015-05-17",152.15,22.46,16.228
"2015-05-17",152.15,22.46,16.228
"2015-05-18",152.48,22.51,16.237
"2015-05-18",152.48,22.51,16.237
"2015-05-19",152.8,22.55,16.246
"2015-05-19",152.8,22.55,16.246
"2015-05-20",153.12,22.6,16.255
"2015-05-20",153.12,22.6,16.255
"2015-05-21",153.44,22.65,16.264
"2015-05-21",153.44,22.65,16.264
"2015-05-22",153.76,22.7,16.273
"2015-05-22",153.76,22.7,16.273
"2015-05-23",154.08,22.74,16.282
"2015-05-23",154.08,22.74,16.282
"2015-05-24",154.41,22.79,16.291
"2015-05-24",154.41,22.79,16.291
"2015-05-25",154.73,22.84,16.3
"2015-05-25",154.73,22.84,16.3
"2015-05-26",155.05,22.89,16.309
"2015-05-26",155.05,22.89,16.309
"2015-05-27",155.37,22.93,16.318
"2015-05-27",155.37,22.93,16.318
"2015-05-28",155.69,22.98,16.327
"2015-05-28",155.69,22.98,16.327
"2015-05-29",156.02,23.03,16.336
"2015-05-29",156.02,23.03,16.336
"2015-05-30",156.34,23.08,16.345
"2015-05-30",156.34,23.08,16.345
"2015-05-31",156.66,23.12,16.354
"2015-05-31",156.66,23.12,16.354
"2015-06-01",153.81,22.7,16.273
"2015-06-01",153.81,22.7,16.273
"2015-06-02",153.95,22.72,16.277
"2015-06-02",153.95,22.72,16.277
"2015-06-03",154.1,22.75,16.281
"2015-06-03",154.1,22.75,16.281
"2015-06-04",154.24,22.77,16.285
"2015-06-04",154.24,22.77,16.285
"2015-06-05",154.39,22.79,16.289
"2015-06-05",154.39,22.79,16.289
"2015-06-06",154.53,22.81,16.293
"2015-06-06",154.53,22.81,16.293
"2015-06-07",154.68,22.83,16.297
"2015-06-07",154.68,22.83,16.297
"2015-06-08",154.83,22.85,16.301
"2015-06-08",154.83,22.85,16.301
"2015-06-09",154.97,22.88,16.305
"2015-06-09",154.97,22.88,16.305
"2015-06-10",155.12,22.9,16.309
"2015-06-10",155.12,22.9,16.309
"2015-06-11",155.26,22.92,16.313
"2015-06-11",155.26,22.92,16.313
"2015-06-12",155.41,22.94,16.317
"2015-06-12",155.41,22.94,16.317
"2015-06-13",155.55,22.96,16.321
"2015-06-13",155.55,22.96,16.321
"2015-06-14",155.7,22.98,16.325
"2015-06-14",155.7,22.98,16.325
"2015-06-15",155.84,23,16.329
"2015-06-15",155.84,23,16.329
"2015-06-16",155.99,23.03,16.333
"2015-06-16",155.99,23.03,16.333
"2015-06-17",156.14,23.05,16.337
"2015-06-17",156.14,23.05,16.337
"2015-06-18",156.28,23.07,16.341
"2015-06-18",156.28,23.07,16.341
"2015-06-19",156.43,23.09,16.345
"2015-06-19",156.43,23.09,16.345
"2015-06-20",156.57,23.11,16.349
"2015-06-20",156.57,23.11,16.349
"2015-06-21",156.72,23.13,16.353
"2015-06-21",156.72,23.13,16.353
"2015-06-22",156.86,23.15,16.357
"2015-06-22",156.86,23.15,16.357
"2015-06-23",157.01,23.18,16.371
"2015-06-23",157.01,23.18,16.371
"2015-06-24",156.08,23.04,16.341
"2015-06-24",156.08,23.04,16.341
"2015-06-25",157.29,23.22,16.493
"2015-06-25",157.29,23.22,16.493
"2015-06-26",157.49,23.25,16.733
"2015-06-26",157.49,23.25,16.733
"2015-06-27",157.49,23.25,16.917
"2015-06-27",157.49,23.25,16.917
"2015-06-28",157.85,23.3,16.738
"2015-06-28",157.85,23.3,16.738
"2015-06-29",158.2,23.35,16.559
"2015-06-29",158.2,23.35,16.559
"2015-06-30",158.55,23.4,16.379
"2015-06-30",158.55,23.4,16.379
"2015-07-01",158.39,23.38,14.718
"2015-07-01",158.39,23.38,14.718
"2015-07-02",158.24,23.36,14.718
"2015-07-02",158.24,23.36,14.718
"2015-07-03",158.08,23.33,14.718
"2015-07-03",158.08,23.33,14.718
"2015-07-04",157.93,23.31,14.718
"2015-07-04",157.93,23.31,14.718
"2015-07-05",157.77,23.29,14.718
"2015-07-05",157.77,23.29,14.718
"2015-07-06",157.61,23.27,14.718
"2015-07-06",157.61,23.27,14.718
"2015-07-07",157.46,23.24,14.718
"2015-07-07",157.46,23.24,14.718
"2015-07-08",157.3,23.22,14.718
"2015-07-08",157.3,23.22,14.718
"2015-07-09",157.14,23.2,14.718
"2015-07-09",157.14,23.2,14.718
"2015-07-10",159.68,23.57,15.39
"2015-07-10",159.68,23.57,15.39
"2015-07-11",159.29,23.51,15.565
"2015-07-11",159.29,23.51,15.565
"2015-07-12",158.9,23.46,15.741
"2015-07-12",158.9,23.46,15.741
"2015-07-13",156.45,23.09,15.853
"2015-07-13",156.45,23.09,15.853
"2015-07-14",153.99,22.73,15.965
"2015-07-14",153.99,22.73,15.965
"2015-07-15",154.42,22.79,16.061
"2015-07-15",154.42,22.79,16.061
"2015-07-16",154.85,22.86,16.157
"2015-07-16",154.85,22.86,16.157
"2015-07-17",155.28,22.92,16.253
"2015-07-17",155.28,22.92,16.253
"2015-07-18",155.71,22.98,16.349
"2015-07-18",155.71,22.98,16.349
"2015-07-19",156.14,23.05,16.445
"2015-07-19",156.14,23.05,16.445
"2015-07-20",156.57,23.11,16.541
"2015-07-20",156.57,23.11,16.541
"2015-07-21",157,23.17,16.637
"2015-07-21",157,23.17,16.637
"2015-07-22",157.43,23.24,16.733
"2015-07-22",157.43,23.24,16.733
"2015-07-23",157.86,23.3,16.829
"2015-07-23",157.86,23.3,16.829
"2015-07-24",158.29,23.36,16.925
"2015-07-24",158.29,23.36,16.925
"2015-07-25",158.72,23.43,17.021
"2015-07-25",158.72,23.43,17.021
"2015-07-26",159.15,23.49,17.125
"2015-07-26",159.15,23.49,17.125
"2015-07-27",158.94,23.46,17.081
"2015-07-27",158.94,23.46,17.081
"2015-07-28",158.74,23.43,17.037
"2015-07-28",158.74,23.43,17.037
"2015-07-29",158.53,23.4,16.993
"2015-07-29",158.53,23.4,16.993
"2015-07-30",158.33,23.37,16.949
"2015-07-30",158.33,23.37,16.949
"2015-07-31",158.12,23.34,16.905
"2015-07-31",158.12,23.34,16.905
"2015-08-01",157.91,23.31,16.856
"2015-08-01",157.91,23.31,16.856
"2015-08-02",157.91,23.31,16.801
"2015-08-02",157.91,23.31,16.801
"2015-08-03",157.91,23.31,16.746
"2015-08-03",157.91,23.31,16.746
"2015-08-04",157.91,23.31,16.691
"2015-08-04",157.91,23.31,16.691
"2015-08-05",157.9,23.31,16.636
"2015-08-05",157.9,23.31,16.636
"2015-08-06",157.9,23.31,16.581
"2015-08-06",157.9,23.31,16.581
"2015-08-07",157.9,23.31,16.526
"2015-08-07",157.9,23.31,16.526
"2015-08-08",157.9,23.31,16.471
"2015-08-08",157.9,23.31,16.471
"2015-08-09",157.89,23.31,16.416
"2015-08-09",157.89,23.31,16.416
"2015-08-10",157.89,23.31,16.361
"2015-08-10",157.89,23.31,16.361
"2015-08-11",157.89,23.31,16.306
"2015-08-11",157.89,23.31,16.306
"2015-08-12",157.89,23.31,16.251
"2015-08-12",157.89,23.31,16.251
"2015-08-13",157.89,23.31,16.196
"2015-08-13",157.89,23.31,16.196
"2015-08-14",157.88,23.31,16.141
"2015-08-14",157.88,23.31,16.141
"2015-08-15",157.88,23.3,16.086
"2015-08-15",157.88,23.3,16.086
"2015-08-16",157.88,23.3,16.031
"2015-08-16",157.88,23.3,16.031
"2015-08-17",157.88,23.3,15.976
"2015-08-17",157.88,23.3,15.976
"2015-08-18",157.87,23.3,15.921
"2015-08-18",157.87,23.3,15.921
"2015-08-19",157.87,23.3,15.866
"2015-08-19",157.87,23.3,15.866
"2015-08-20",157.87,23.3,15.811
"2015-08-20",157.87,23.3,15.811
"2015-08-21",157.87,23.3,15.756
"2015-08-21",157.87,23.3,15.756
"2015-08-22",157.87,23.3,15.701
"2015-08-22",157.87,23.3,15.701
"2015-08-23",157.86,23.3,15.646
"2015-08-23",157.86,23.3,15.646
"2015-08-24",157.86,23.3,15.591
"2015-08-24",157.86,23.3,15.591
"2015-08-25",157.86,23.3,15.536
"2015-08-25",157.86,23.3,15.536
"2015-08-26",157.86,23.3,15.481
"2015-08-26",157.86,23.3,15.481
"2015-08-27",157.85,23.3,15.426
"2015-08-27",157.85,23.3,15.426
"2015-08-28",157.85,23.3,15.371
"2015-08-28",157.85,23.3,15.371
"2015-08-29",157.85,23.3,15.316
"2015-08-29",157.85,23.3,15.316
"2015-08-30",157.85,23.3,15.261
"2015-08-30",157.85,23.3,15.261
"2015-08-31",157.85,23.3,15.206
"2015-08-31",157.85,23.3,15.206
"2015-09-01",157.82,23.3,15.138
"2015-09-01",157.82,23.3,15.138
"2015-09-02",158.35,23.37,16.732
"2015-09-02",158.35,23.37,16.732
"2015-09-03",158.87,23.45,16.974
"2015-09-03",158.87,23.45,16.974
"2015-09-04",159.39,23.53,17.216
"2015-09-04",159.39,23.53,17.216
"2015-09-05",159.92,23.61,17.459
"2015-09-05",159.92,23.61,17.459
"2015-09-06",158.33,23.37,17.405
"2015-09-06",158.33,23.37,17.405
"2015-09-07",158.38,23.38,17.45
"2015-09-07",158.38,23.38,17.45
"2015-09-08",158.43,23.39,17.495
"2015-09-08",158.43,23.39,17.495
"2015-09-09",158.49,23.39,17.54
"2015-09-09",158.49,23.39,17.54
"2015-09-10",158.49,23.39,17.628
"2015-09-10",158.49,23.39,17.628
"2015-09-11",158.5,23.4,17.716
"2015-09-11",158.5,23.4,17.716
"2015-09-12",158.51,23.4,17.805
"2015-09-12",158.51,23.4,17.805
"2015-09-13",158.8,23.44,17.842
"2015-09-13",158.8,23.44,17.842
"2015-09-14",159.1,23.49,17.879
"2015-09-14",159.1,23.49,17.879
"2015-09-15",159.4,23.53,17.916
"2015-09-15",159.4,23.53,17.916
"2015-09-16",159.7,23.57,17.953
"2015-09-16",159.7,23.57,17.953
"2015-09-17",160,23.62,17.99
"2015-09-17",160,23.62,17.99
"2015-09-18",160.29,23.66,18.027
"2015-09-18",160.29,23.66,18.027
"2015-09-19",160.6,23.71,18.065
"2015-09-19",160.6,23.71,18.065
"2015-09-20",154.34,22.78,17.68
"2015-09-20",154.34,22.78,17.68
"2015-09-21",161.4,23.82,17.294
"2015-09-21",161.4,23.82,17.294
"2015-09-22",160.97,23.76,17.085
"2015-09-22",160.97,23.76,17.085
"2015-09-23",160.54,23.7,16.876
"2015-09-23",160.54,23.7,16.876
"2015-09-24",160.12,23.63,16.666
"2015-09-24",160.12,23.63,16.666
"2015-09-25",160.67,23.72,16.794
"2015-09-25",160.67,23.72,16.794
"2015-09-26",161.22,23.8,16.922
"2015-09-26",161.22,23.8,16.922
"2015-09-27",160.96,23.76,16.922
"2015-09-27",160.96,23.76,16.922
"2015-09-28",160.71,23.72,16.922
"2015-09-28",160.71,23.72,16.922
"2015-09-29",160.45,23.68,16.922
"2015-09-29",160.45,23.68,16.922
"2015-09-30",160.2,23.65,16.922
"2015-09-30",160.2,23.65,16.922
"2015-10-01",160.16,23.64,17.396
"2015-10-01",160.16,23.64,17.396
"2015-10-02",159.94,23.61,17.396
"2015-10-02",159.94,23.61,17.396
"2015-10-03",159.73,23.58,17.48
"2015-10-03",159.73,23.58,17.48
"2015-10-04",159.52,23.55,17.565
"2015-10-04",159.52,23.55,17.565
"2015-10-05",159.39,23.53,17.616
"2015-10-05",159.39,23.53,17.616
"2015-10-06",159.26,23.51,17.667
"2015-10-06",159.26,23.51,17.667
"2015-10-07",159.12,23.49,17.718
"2015-10-07",159.12,23.49,17.718
"2015-10-08",159.18,23.5,17.738
"2015-10-08",159.18,23.5,17.738
"2015-10-09",159.24,23.51,17.758
"2015-10-09",159.24,23.51,17.758
"2015-10-10",159.3,23.51,17.778
"2015-10-10",159.3,23.51,17.778
"2015-10-11",159.36,23.52,17.798
"2015-10-11",159.36,23.52,17.798
"2015-10-12",159.42,23.53,17.818
"2015-10-12",159.42,23.53,17.818
"2015-10-13",159.48,23.54,17.838
"2015-10-13",159.48,23.54,17.838
"2015-10-14",159.54,23.55,17.864
"2015-10-14",159.54,23.55,17.864
"2015-10-15",157.16,23.2,17.879
"2015-10-15",157.16,23.2,17.879
"2015-10-16",157.29,23.22,17.903
"2015-10-16",157.29,23.22,17.903
"2015-10-17",157.41,23.24,17.927
"2015-10-17",157.41,23.24,17.927
"2015-10-18",157.54,23.25,17.951
"2015-10-18",157.54,23.25,17.951
"2015-10-19",157.67,23.27,17.975
"2015-10-19",157.67,23.27,17.975
"2015-10-20",157.79,23.29,17.999
"2015-10-20",157.79,23.29,17.999
"2015-10-21",157.92,23.31,18.023
"2015-10-21",157.92,23.31,18.023
"2015-10-22",158.04,23.33,18.047
"2015-10-22",158.04,23.33,18.047
"2015-10-23",158.18,23.35,18.076
"2015-10-23",158.18,23.35,18.076
"2015-10-24",158.18,23.35,18.225
"2015-10-24",158.18,23.35,18.225
"2015-10-25",158.18,23.35,18.374
"2015-10-25",158.18,23.35,18.374
"2015-10-26",158.21,23.35,18.412
"2015-10-26",158.21,23.35,18.412
"2015-10-27",158.25,23.36,18.45
"2015-10-27",158.25,23.36,18.45
"2015-10-28",158.29,23.37,18.488
"2015-10-28",158.29,23.37,18.488
"2015-10-29",158.33,23.37,18.526
"2015-10-29",158.33,23.37,18.526
"2015-10-30",158.36,23.38,18.564
"2015-10-30",158.36,23.38,18.564
"2015-10-31",158.4,23.38,18.602
"2015-10-31",158.4,23.38,18.602
"2015-11-01",158.36,23.38,18.563
"2015-11-01",158.36,23.38,18.563
"2015-11-02",158.39,23.38,18.59
"2015-11-02",158.39,23.38,18.59
"2015-11-03",158.41,23.38,18.617
"2015-11-03",158.41,23.38,18.617
"2015-11-04",158.44,23.39,18.646
"2015-11-04",158.44,23.39,18.646
"2015-11-05",159.01,23.47,18.579
"2015-11-05",159.01,23.47,18.579
"2015-11-06",159.57,23.55,18.512
"2015-11-06",159.57,23.55,18.512
"2015-11-07",160.13,23.64,18.445
"2015-11-07",160.13,23.64,18.445
"2015-11-08",160.7,23.72,18.378
"2015-11-08",160.7,23.72,18.378
"2015-11-09",161.26,23.8,18.308
"2015-11-09",161.26,23.8,18.308
"2015-11-10",161.19,23.79,18.283
"2015-11-10",161.19,23.79,18.283
"2015-11-11",161.12,23.78,18.258
"2015-11-11",161.12,23.78,18.258
"2015-11-12",161.05,23.77,18.233
"2015-11-12",161.05,23.77,18.233
"2015-11-13",160.98,23.76,18.208
"2015-11-13",160.98,23.76,18.208
"2015-11-14",160.91,23.75,18.179
"2015-11-14",160.91,23.75,18.179
"2015-11-15",159.12,23.49,18.454
"2015-11-15",159.12,23.49,18.454
"2015-11-16",159.64,23.56,18.403
"2015-11-16",159.64,23.56,18.403
"2015-11-17",160.15,23.64,18.352
"2015-11-17",160.15,23.64,18.352
"2015-11-18",160.66,23.71,18.301
"2015-11-18",160.66,23.71,18.301
"2015-11-19",161.17,23.79,18.25
"2015-11-19",161.17,23.79,18.25
"2015-11-20",160.69,23.72,18.594
"2015-11-20",160.69,23.72,18.594
"2015-11-21",161.07,23.78,18.594
"2015-11-21",161.07,23.78,18.594
"2015-11-22",161.45,23.83,18.594
"2015-11-22",161.45,23.83,18.594
"2015-11-23",161.83,23.89,18.594
"2015-11-23",161.83,23.89,18.594
"2015-11-24",162.22,23.94,18.594
"2015-11-24",162.22,23.94,18.594
"2015-11-25",162.6,24,18.594
"2015-11-25",162.6,24,18.594
"2015-11-26",162.98,24.06,18.594
"2015-11-26",162.98,24.06,18.594
"2015-11-27",163.36,24.11,18.594
"2015-11-27",163.36,24.11,18.594
"2015-11-28",163.74,24.17,18.594
"2015-11-28",163.74,24.17,18.594
"2015-11-29",164.12,24.23,18.594
"2015-11-29",164.12,24.23,18.594
"2015-11-30",164.5,24.28,18.594
"2015-11-30",164.5,24.28,18.594
"2015-12-01",161.78,23.88,18.594
"2015-12-01",161.78,23.88,18.594
"2015-12-02",161.88,23.9,18.594
"2015-12-02",161.88,23.9,18.594
"2015-12-03",161.98,23.91,18.594
"2015-12-03",161.98,23.91,18.594
"2015-12-04",162.08,23.92,18.594
"2015-12-04",162.08,23.92,18.594
"2015-12-05",162.18,23.94,18.594
"2015-12-05",162.18,23.94,18.594
"2015-12-06",162.28,23.95,18.594
"2015-12-06",162.28,23.95,18.594
"2015-12-07",162.38,23.97,18.594
"2015-12-07",162.38,23.97,18.594
"2015-12-08",162.48,23.98,18.594
"2015-12-08",162.48,23.98,18.594
"2015-12-09",162.57,24,18.594
"2015-12-09",162.57,24,18.594
"2015-12-10",162.67,24.01,18.594
"2015-12-10",162.67,24.01,18.594
"2015-12-11",162.77,24.03,18.594
"2015-12-11",162.77,24.03,18.594
"2015-12-12",162.87,24.04,18.594
"2015-12-12",162.87,24.04,18.594
"2015-12-13",162.97,24.06,18.594
"2015-12-13",162.97,24.06,18.594
"2015-12-14",163.07,24.07,18.594
"2015-12-14",163.07,24.07,18.594
"2015-12-15",163.17,24.09,18.594
"2015-12-15",163.17,24.09,18.594
"2015-12-16",163.27,24.1,18.594
"2015-12-16",163.27,24.1,18.594
"2015-12-17",163.37,24.11,18.594
"2015-12-17",163.37,24.11,18.594
"2015-12-18",163.47,24.13,18.594
"2015-12-18",163.47,24.13,18.594
"2015-12-19",163.57,24.14,18.594
"2015-12-19",163.57,24.14,18.594
"2015-12-20",163.67,24.16,18.594
"2015-12-20",163.67,24.16,18.594
"2015-12-21",163.77,24.17,18.594
"2015-12-21",163.77,24.17,18.594
"2015-12-22",163.86,24.19,18.594
"2015-12-22",163.86,24.19,18.594
"2015-12-23",163.96,24.2,18.594
"2015-12-23",163.96,24.2,18.594
"2015-12-24",164.06,24.22,18.594
"2015-12-24",164.06,24.22,18.594
"2015-12-25",164.16,24.23,18.594
"2015-12-25",164.16,24.23,18.594
"2015-12-26",164.26,24.25,18.594
"2015-12-26",164.26,24.25,18.594
"2015-12-27",164.36,24.26,18.594
"2015-12-27",164.36,24.26,18.594
"2015-12-28",164.46,24.28,18.594
"2015-12-28",164.46,24.28,18.594
"2015-12-29",164.56,24.29,18.594
"2015-12-29",164.56,24.29,18.594
"2015-12-30",164.66,24.31,18.594
"2015-12-30",164.66,24.31,18.594
"2015-12-31",164.76,24.32,18.594
"2015-12-31",164.76,24.32,18.594
"2016-01-01",164.9,24.34,21.61
"2016-01-01",164.9,24.34,21.61
"2016-01-02",165,24.35,21.273
"2016-01-02",165,24.35,21.273
"2016-01-03",165.09,24.37,20.936
"2016-01-03",165.09,24.37,20.936
"2016-01-04",165.19,24.38,20.597
"2016-01-04",165.19,24.38,20.597
"2016-01-05",163.51,24.14,20.66
"2016-01-05",163.51,24.14,20.66
"2016-01-06",163.09,24.07,20.667
"2016-01-06",163.09,24.07,20.667
"2016-01-07",162.43,23.98,20.432
"2016-01-07",162.43,23.98,20.432
"2016-01-08",161.77,23.88,20.197
"2016-01-08",161.77,23.88,20.197
"2016-01-09",161.9,23.9,20.206
"2016-01-09",161.9,23.9,20.206
"2016-01-10",162.03,23.92,20.215
"2016-01-10",162.03,23.92,20.215
"2016-01-11",162.15,23.94,20.224
"2016-01-11",162.15,23.94,20.224
"2016-01-12",162.28,23.95,20.233
"2016-01-12",162.28,23.95,20.233
"2016-01-13",162.41,23.97,20.245
"2016-01-13",162.41,23.97,20.245
"2016-01-14",162.72,24.02,20.128
"2016-01-14",162.72,24.02,20.128
"2016-01-15",162.72,24.02,20.115
"2016-01-15",162.72,24.02,20.115
"2016-01-16",162.72,24.02,20.102
"2016-01-16",162.72,24.02,20.102
"2016-01-17",162.72,24.02,20.089
"2016-01-17",162.72,24.02,20.089
"2016-01-18",162.72,24.02,20.076
"2016-01-18",162.72,24.02,20.076
"2016-01-19",162.72,24.02,20.062
"2016-01-19",162.72,24.02,20.062
"2016-01-20",162.72,24.02,19.989
"2016-01-20",162.72,24.02,19.989
"2016-01-21",161.98,23.91,19.948
"2016-01-21",161.98,23.91,19.948
"2016-01-22",161.24,23.8,19.906
"2016-01-22",161.24,23.8,19.906
"2016-01-23",162.23,23.95,19.934
"2016-01-23",162.23,23.95,19.934
"2016-01-24",163.23,24.09,19.962
"2016-01-24",163.23,24.09,19.962
"2016-01-25",162.71,24.02,19.99
"2016-01-25",162.71,24.02,19.99
"2016-01-26",162.19,23.94,20.02
"2016-01-26",162.19,23.94,20.02
"2016-01-27",162.14,23.93,19.957
"2016-01-27",162.14,23.93,19.957
"2016-01-28",162.09,23.93,19.894
"2016-01-28",162.09,23.93,19.894
"2016-01-29",162.04,23.92,19.831
"2016-01-29",162.04,23.92,19.831
"2016-01-30",161.99,23.91,19.768
"2016-01-30",161.99,23.91,19.768
"2016-01-31",161.94,23.9,19.705
"2016-01-31",161.94,23.9,19.705
"2016-02-01",161.88,23.9,19.639
"2016-02-01",161.88,23.9,19.639
"2016-02-02",161.88,23.9,19.798
"2016-02-02",161.88,23.9,19.798
"2016-02-03",161.88,23.9,19.868
"2016-02-03",161.88,23.9,19.868
"2016-02-04",162.38,23.97,19.113
"2016-02-04",162.38,23.97,19.113
"2016-02-05",162.87,24.04,18.357
"2016-02-05",162.87,24.04,18.357
"2016-02-06",162.34,23.96,18.35
"2016-02-06",162.34,23.96,18.35
"2016-02-07",161.81,23.89,18.343
"2016-02-07",161.81,23.89,18.343
"2016-02-08",161.29,23.81,18.336
"2016-02-08",161.29,23.81,18.336
"2016-02-09",160.76,23.73,18.329
"2016-02-09",160.76,23.73,18.329
"2016-02-10",160.76,23.73,19.701
"2016-02-10",160.76,23.73,19.701
"2016-02-11",160.46,23.68,19.697
"2016-02-11",160.46,23.68,19.697
"2016-02-12",160.16,23.64,19.693
"2016-02-12",160.16,23.64,19.693
"2016-02-13",159.85,23.6,19.687
"2016-02-13",159.85,23.6,19.687
"2016-02-14",159.63,23.56,19.643
"2016-02-14",159.63,23.56,19.643
"2016-02-15",159.41,23.53,19.599
"2016-02-15",159.41,23.53,19.599
"2016-02-16",159.19,23.5,19.555
"2016-02-16",159.19,23.5,19.555
"2016-02-17",158.97,23.47,19.509
"2016-02-17",158.97,23.47,19.509
"2016-02-18",160.6,23.71,19.576
"2016-02-18",160.6,23.71,19.576
"2016-02-19",160.25,23.65,19.308
"2016-02-19",160.25,23.65,19.308
"2016-02-20",161.17,23.79,19.278
"2016-02-20",161.17,23.79,19.278
"2016-02-21",160.05,23.63,19.603
"2016-02-21",160.05,23.63,19.603
"2016-02-22",160.52,23.69,19.497
"2016-02-22",160.52,23.69,19.497
"2016-02-23",160.99,23.76,19.391
"2016-02-23",160.99,23.76,19.391
"2016-02-24",161.45,23.83,19.285
"2016-02-24",161.45,23.83,19.285
"2016-02-25",161.92,23.9,19.179
"2016-02-25",161.92,23.9,19.179
"2016-02-26",161.92,23.9,19.048
"2016-02-26",161.92,23.9,19.048
"2016-02-27",161.92,23.9,18.917
"2016-02-27",161.92,23.9,18.917
"2016-02-28",161.92,23.9,18.786
"2016-02-28",161.92,23.9,18.786
"2016-02-29",161.92,23.9,18.655
"2016-02-29",161.92,23.9,18.655
"2016-03-01",161.92,23.9,18.52
"2016-03-01",161.92,23.9,18.52
"2016-03-02",161.37,23.82,18.601
"2016-03-02",161.37,23.82,18.601
"2016-03-03",161.37,23.82,18.562
"2016-03-03",161.37,23.82,18.562
"2016-03-04",160.71,23.72,19.329
"2016-03-04",160.71,23.72,19.329
"2016-03-05",160.71,23.72,19.329
"2016-03-05",160.71,23.72,19.329
"2016-03-06",160.71,23.72,19.329
"2016-03-06",160.71,23.72,19.329
"2016-03-07",160.99,23.76,19.31
"2016-03-07",160.99,23.76,19.31
"2016-03-08",161.27,23.81,19.291
"2016-03-08",161.27,23.81,19.291
"2016-03-09",161.55,23.85,19.272
"2016-03-09",161.55,23.85,19.272
"2016-03-10",161.83,23.89,19.253
"2016-03-10",161.83,23.89,19.253
"2016-03-11",162.11,23.93,19.234
"2016-03-11",162.11,23.93,19.234
"2016-03-12",162.39,23.97,19.215
"2016-03-12",162.39,23.97,19.215
"2016-03-13",162.67,24.01,19.196
"2016-03-13",162.67,24.01,19.196
"2016-03-14",162.95,24.05,19.177
"2016-03-14",162.95,24.05,19.177
"2016-03-15",163.23,24.09,19.158
"2016-03-15",163.23,24.09,19.158
"2016-03-16",163.51,24.14,19.139
"2016-03-16",163.51,24.14,19.139
"2016-03-17",163.79,24.18,19.12
"2016-03-17",163.79,24.18,19.12
"2016-03-18",164.07,24.22,19.101
"2016-03-18",164.07,24.22,19.101
"2016-03-19",164.35,24.26,19.082
"2016-03-19",164.35,24.26,19.082
"2016-03-20",164.63,24.3,19.063
"2016-03-20",164.63,24.3,19.063
"2016-03-21",164.91,24.34,19.044
"2016-03-21",164.91,24.34,19.044
"2016-03-22",165.19,24.38,19.025
"2016-03-22",165.19,24.38,19.025
"2016-03-23",165.47,24.43,19.006
"2016-03-23",165.47,24.43,19.006
"2016-03-24",165.1,24.37,19.385
"2016-03-24",165.1,24.37,19.385
"2016-03-25",164.77,24.32,19.388
"2016-03-25",164.77,24.32,19.388
"2016-03-26",164.09,24.22,19.265
"2016-03-26",164.09,24.22,19.265
"2016-03-27",163.4,24.12,19.141
"2016-03-27",163.4,24.12,19.141
"2016-03-28",163.57,24.14,19.063
"2016-03-28",163.57,24.14,19.063
"2016-03-29",163.73,24.17,18.985
"2016-03-29",163.73,24.17,18.985
"2016-03-30",163.73,24.17,19.218
"2016-03-30",163.73,24.17,19.218
"2016-03-31",163.25,24.1,19.121
"2016-03-31",163.25,24.1,19.121
"2016-04-01",163.97,24.2,19.176
"2016-04-01",163.97,24.2,19.176
"2016-04-02",164.7,24.31,19.176
"2016-04-02",164.7,24.31,19.176
"2016-04-03",164.83,24.33,19.158
"2016-04-03",164.83,24.33,19.158
"2016-04-04",164.95,24.35,19.14
"2016-04-04",164.95,24.35,19.14
"2016-04-05",165.08,24.37,19.121
"2016-04-05",165.08,24.37,19.121
"2016-04-06",164.77,24.32,19.454
"2016-04-06",164.77,24.32,19.454
"2016-04-07",165.03,24.36,19.655
"2016-04-07",165.03,24.36,19.655
"2016-04-08",163.91,24.19,19.666
"2016-04-08",163.91,24.19,19.666
"2016-04-09",165.14,24.38,19.711
"2016-04-09",165.14,24.38,19.711
"2016-04-10",165.14,24.38,19.728
"2016-04-10",165.14,24.38,19.728
"2016-04-11",165.14,24.38,19.745
"2016-04-11",165.14,24.38,19.745
"2016-04-12",165.14,24.38,19.762
"2016-04-12",165.14,24.38,19.762
"2016-04-13",165.14,24.38,19.781
"2016-04-13",165.14,24.38,19.781
"2016-04-14",164.55,24.29,19.833
"2016-04-14",164.55,24.29,19.833
"2016-04-15",163.93,24.2,19.849
"2016-04-15",163.93,24.2,19.849
"2016-04-16",164.34,24.26,19.613
"2016-04-16",164.34,24.26,19.613
"2016-04-17",164.76,24.32,19.377
"2016-04-17",164.76,24.32,19.377
"2016-04-18",165.17,24.38,19.141
"2016-04-18",165.17,24.38,19.141
"2016-04-19",165.58,24.44,18.902
"2016-04-19",165.58,24.44,18.902
"2016-04-20",165.73,24.46,18.713
"2016-04-20",165.73,24.46,18.713
"2016-04-21",165.87,24.48,18.524
"2016-04-21",165.87,24.48,18.524
"2016-04-22",165.87,24.48,18.75
"2016-04-22",165.87,24.48,18.75
"2016-04-23",167.57,24.73,19.18
"2016-04-23",167.57,24.73,19.18
"2016-04-24",167.57,24.73,19.273
"2016-04-24",167.57,24.73,19.273
"2016-04-25",167.57,24.73,19.366
"2016-04-25",167.57,24.73,19.366
"2016-04-26",167.57,24.73,19.459
"2016-04-26",167.57,24.73,19.459
"2016-04-27",167.57,24.73,19.552
"2016-04-27",167.57,24.73,19.552
"2016-04-28",167.57,24.73,19.648
"2016-04-28",167.57,24.73,19.648
"2016-04-29",166.95,24.64,19.857
"2016-04-29",166.95,24.64,19.857
"2016-04-30",167.99,24.8,19.991
"2016-04-30",167.99,24.8,19.991
"2016-05-01",169.02,24.95,20.125
"2016-05-01",169.02,24.95,20.125
"2016-05-02",169.07,24.96,20.15
"2016-05-02",169.07,24.96,20.15
"2016-05-03",169.12,24.96,20.175
"2016-05-03",169.12,24.96,20.175
"2016-05-04",169.16,24.97,20.2
"2016-05-04",169.16,24.97,20.2
"2016-05-05",169.21,24.98,20.225
"2016-05-05",169.21,24.98,20.225
"2016-05-06",169.25,24.98,20.25
"2016-05-06",169.25,24.98,20.25
"2016-05-07",169.3,24.99,20.275
"2016-05-07",169.3,24.99,20.275
"2016-05-08",169.35,25,20.3
"2016-05-08",169.35,25,20.3
"2016-05-09",169.39,25,20.325
"2016-05-09",169.39,25,20.325
"2016-05-10",169.44,25.01,20.35
"2016-05-10",169.44,25.01,20.35
"2016-05-11",169.49,25.02,20.375
"2016-05-11",169.49,25.02,20.375
"2016-05-12",169.53,25.02,20.4
"2016-05-12",169.53,25.02,20.4
"2016-05-13",169.58,25.03,20.425
"2016-05-13",169.58,25.03,20.425
"2016-05-14",169.63,25.04,20.45
"2016-05-14",169.63,25.04,20.45
"2016-05-15",169.67,25.05,20.475
"2016-05-15",169.67,25.05,20.475
"2016-05-16",169.72,25.05,20.5
"2016-05-16",169.72,25.05,20.5
"2016-05-17",169.76,25.06,20.525
"2016-05-17",169.76,25.06,20.525
"2016-05-18",169.81,25.07,20.55
"2016-05-18",169.81,25.07,20.55
"2016-05-19",169.86,25.07,20.575
"2016-05-19",169.86,25.07,20.575
"2016-05-20",169.9,25.08,20.6
"2016-05-20",169.9,25.08,20.6
"2016-05-21",169.95,25.09,20.625
"2016-05-21",169.95,25.09,20.625
"2016-05-22",170,25.09,20.65
"2016-05-22",170,25.09,20.65
"2016-05-23",170.04,25.1,20.675
"2016-05-23",170.04,25.1,20.675
"2016-05-24",170.09,25.11,20.7
"2016-05-24",170.09,25.11,20.7
"2016-05-25",170.13,25.11,20.725
"2016-05-25",170.13,25.11,20.725
"2016-05-26",170.18,25.12,20.75
"2016-05-26",170.18,25.12,20.75
"2016-05-27",170.23,25.13,20.775
"2016-05-27",170.23,25.13,20.775
"2016-05-28",170.28,25.13,20.819
"2016-05-28",170.28,25.13,20.819
"2016-05-29",169.78,25.06,20.606
"2016-05-29",169.78,25.06,20.606
"2016-05-30",169.29,24.99,20.393
"2016-05-30",169.29,24.99,20.393
"2016-05-31",168.79,24.92,20.18
"2016-05-31",168.79,24.92,20.18
"2016-06-01",168.96,24.94,20.251
"2016-06-01",168.96,24.94,20.251
"2016-06-02",168.63,24.89,20.109
"2016-06-02",168.63,24.89,20.109
"2016-06-03",168.3,24.84,19.966
"2016-06-03",168.3,24.84,19.966
"2016-06-04",168.3,24.84,20.076
"2016-06-04",168.3,24.84,20.076
"2016-06-05",168.3,24.84,20.186
"2016-06-05",168.3,24.84,20.186
"2016-06-06",168.3,24.84,20.296
"2016-06-06",168.3,24.84,20.296
"2016-06-07",168.3,24.84,20.406
"2016-06-07",168.3,24.84,20.406
"2016-06-08",168.3,24.84,20.516
"2016-06-08",168.3,24.84,20.516
"2016-06-09",168.3,24.84,20.626
"2016-06-09",168.3,24.84,20.626
"2016-06-10",168.3,24.84,20.736
"2016-06-10",168.3,24.84,20.736
"2016-06-11",168.3,24.84,20.846
"2016-06-11",168.3,24.84,20.846
"2016-06-12",168.3,24.84,20.956
"2016-06-12",168.3,24.84,20.956
"2016-06-13",168.3,24.84,21.066
"2016-06-13",168.3,24.84,21.066
"2016-06-14",168.3,24.84,21.186
"2016-06-14",168.3,24.84,21.186
"2016-06-15",168.26,24.84,21.159
"2016-06-15",168.26,24.84,21.159
"2016-06-16",168.22,24.83,21.132
"2016-06-16",168.22,24.83,21.132
"2016-06-17",168.18,24.83,21.105
"2016-06-17",168.18,24.83,21.105
"2016-06-18",168.15,24.82,21.078
"2016-06-18",168.15,24.82,21.078
"2016-06-19",168.11,24.81,21.051
"2016-06-19",168.11,24.81,21.051
"2016-06-20",168.07,24.81,21.024
"2016-06-20",168.07,24.81,21.024
"2016-06-21",168.03,24.8,20.997
"2016-06-21",168.03,24.8,20.997
"2016-06-22",168,24.8,20.97
"2016-06-22",168,24.8,20.97
"2016-06-23",167.96,24.79,20.943
"2016-06-23",167.96,24.79,20.943
"2016-06-24",167.92,24.79,20.91
"2016-06-24",167.92,24.79,20.91
"2016-06-25",167.84,24.77,20.921
"2016-06-25",167.84,24.77,20.921
"2016-06-26",167.76,24.76,20.932
"2016-06-26",167.76,24.76,20.932
"2016-06-27",167.68,24.75,20.943
"2016-06-27",167.68,24.75,20.943
"2016-06-28",167.59,24.74,20.957
"2016-06-28",167.59,24.74,20.957
"2016-06-29",167.59,24.74,20.957
"2016-06-29",167.59,24.74,20.957
"2016-06-30",167.59,24.74,20.957
"2016-06-30",167.59,24.74,20.957
"2016-07-01",167.59,24.74,0
"2016-07-01",167.59,24.74,0
"2016-07-02",167.59,24.74,0
"2016-07-02",167.59,24.74,0
"2016-07-03",167.59,24.74,0
"2016-07-03",167.59,24.74,0
"2016-07-04",167.59,24.74,0
"2016-07-04",167.59,24.74,0
"2016-07-05",167.59,24.74,0
"2016-07-05",167.59,24.74,0
"2016-07-06",167.59,24.74,0
"2016-07-06",167.59,24.74,0
"2016-07-07",167.59,24.74,0
"2016-07-07",167.59,24.74,0
"2016-07-08",167.59,24.74,0
"2016-07-08",167.59,24.74,0
"2016-07-09",167.59,24.74,0
"2016-07-09",167.59,24.74,0
"2016-07-10",167.59,24.74,0
"2016-07-10",167.59,24.74,0
"2016-07-11",167.59,24.74,0
"2016-07-11",167.59,24.74,0
"2016-07-12",167.59,24.74,0
"2016-07-12",167.59,24.74,0
"2016-07-13",167.59,24.74,0
"2016-07-13",167.59,24.74,0
"2016-07-14",167.59,24.74,0
"2016-07-14",167.59,24.74,0
"2016-07-15",167.59,24.74,0
"2016-07-15",167.59,24.74,0
"2016-07-16",167.59,24.74,0
"2016-07-16",167.59,24.74,0
"2016-07-17",167.59,24.74,0
"2016-07-17",167.59,24.74,0
"2016-07-18",167.59,24.74,0
"2016-07-18",167.59,24.74,0
"2016-07-19",167.59,24.74,0
"2016-07-19",167.59,24.74,0
"2016-07-20",167.59,24.74,0
"2016-07-20",167.59,24.74,0
"2016-07-21",167.59,24.74,0
"2016-07-21",167.59,24.74,0
"2016-07-22",167.59,24.74,0
"2016-07-22",167.59,24.74,0
"2016-07-23",167.59,24.74,0
"2016-07-23",167.59,24.74,0
"2016-07-24",167.59,24.74,0
"2016-07-24",167.59,24.74,0
"2016-07-25",167.59,24.74,0
"2016-07-25",167.59,24.74,0
"2016-07-26",167.59,24.74,0
"2016-07-26",167.59,24.74,0
"2016-07-27",167.59,24.74,0
"2016-07-27",167.59,24.74,0
"2016-07-28",167.59,24.74,0
"2016-07-28",167.59,24.74,0
"2016-07-29",167.59,24.74,0
"2016-07-29",167.59,24.74,0
"2016-07-30",167.59,24.74,0
"2016-07-30",167.59,24.74,0
"2016-07-31",167.59,24.74,0
"2016-07-31",167.59,24.74,0
"2016-08-01",167.59,24.74,0
"2016-08-01",167.59,24.74,0
"2016-08-02",167.59,24.74,0
"2016-08-02",167.59,24.74,0
"2016-08-03",167.59,24.74,0
"2016-08-03",167.59,24.74,0
"2016-08-04",167.59,24.74,0
"2016-08-04",167.59,24.74,0
"2016-08-05",167.59,24.74,0
"2016-08-05",167.59,24.74,0
"2016-08-06",167.59,24.74,0
"2016-08-06",167.59,24.74,0
"2016-08-07",167.59,24.74,0
"2016-08-07",167.59,24.74,0
"2016-08-08",167.59,24.74,0
"2016-08-08",167.59,24.74,0
"2016-08-09",167.59,24.74,0
"2016-08-09",167.59,24.74,0
"2016-08-10",167.59,24.74,0
"2016-08-10",167.59,24.74,0
"2016-08-11",167.59,24.74,0
"2016-08-11",167.59,24.74,0
"2016-08-12",167.59,24.74,0
"2016-08-12",167.59,24.74,0
"2016-08-13",167.59,24.74,0
"2016-08-13",167.59,24.74,0
"2016-08-14",167.59,24.74,0
"2016-08-14",167.59,24.74,0
"2016-08-15",167.59,24.74,0
"2016-08-15",167.59,24.74,0
"2016-08-16",167.59,24.74,0
"2016-08-16",167.59,24.74,0
"2016-08-17",167.59,24.74,0
"2016-08-17",167.59,24.74,0
"2016-08-18",167.59,24.74,0
"2016-08-18",167.59,24.74,0
"2016-08-19",167.59,24.74,0
"2016-08-19",167.59,24.74,0
"2016-08-20",167.59,24.74,0
"2016-08-20",167.59,24.74,0
"2016-08-21",167.59,24.74,0
"2016-08-21",167.59,24.74,0
"2016-08-22",167.59,24.74,0
"2016-08-22",167.59,24.74,0
"2016-08-23",167.59,24.74,0
"2016-08-23",167.59,24.74,0
"2016-08-24",167.59,24.74,0
"2016-08-24",167.59,24.74,0
"2016-08-25",167.59,24.74,0
"2016-08-25",167.59,24.74,0
"2016-08-26",167.59,24.74,0
"2016-08-26",167.59,24.74,0
"2016-08-27",167.59,24.74,0
"2016-08-27",167.59,24.74,0
"2016-08-28",167.59,24.74,0
"2016-08-28",167.59,24.74,0
"2016-08-29",167.59,24.74,0
"2016-08-29",167.59,24.74,0
"2016-08-30",167.59,24.74,0
"2016-08-30",167.59,24.74,0
"2016-08-31",167.59,24.74,0
"2016-08-31",167.59,24.74,0
"2016-09-01",167.59,24.74,0
"2016-09-01",167.59,24.74,0
"2016-09-02",167.59,24.74,0
"2016-09-02",167.59,24.74,0
"2016-09-03",167.59,24.74,0
"2016-09-03",167.59,24.74,0
"2016-09-04",167.59,24.74,0
"2016-09-04",167.59,24.74,0
"2016-09-05",167.59,24.74,0
"2016-09-05",167.59,24.74,0
"2016-09-06",167.59,24.74,0
"2016-09-06",167.59,24.74,0
"2016-09-07",167.59,24.74,0
"2016-09-07",167.59,24.74,0
"2016-09-08",167.59,24.74,0
"2016-09-08",167.59,24.74,0
"2016-09-09",167.59,24.74,0
"2016-09-09",167.59,24.74,0
"2016-09-10",167.59,24.74,0
"2016-09-10",167.59,24.74,0
"2016-09-11",167.59,24.74,0
"2016-09-11",167.59,24.74,0
"2016-09-12",167.59,24.74,0
"2016-09-12",167.59,24.74,0
"2016-09-13",167.59,24.74,0
"2016-09-13",167.59,24.74,0
"2016-09-14",167.59,24.74,0
"2016-09-14",167.59,24.74,0
"2016-09-15",167.59,24.74,0
"2016-09-15",167.59,24.74,0
"2016-09-16",167.59,24.74,0
"2016-09-16",167.59,24.74,0
"2016-09-17",167.59,24.74,0
"2016-09-17",167.59,24.74,0
"2016-09-18",167.59,24.74,0
"2016-09-18",167.59,24.74,0
"2016-09-19",167.59,24.74,0
"2016-09-19",167.59,24.74,0
"2016-09-20",167.59,24.74,0
"2016-09-20",167.59,24.74,0
"2016-09-21",167.59,24.74,0
"2016-09-21",167.59,24.74,0
"2016-09-22",167.59,24.74,0
"2016-09-22",167.59,24.74,0
"2016-09-23",167.59,24.74,0
"2016-09-23",167.59,24.74,0
"2016-09-24",167.59,24.74,0
"2016-09-24",167.59,24.74,0
"2016-09-25",167.59,24.74,0
"2016-09-25",167.59,24.74,0
"2016-09-26",167.59,24.74,0
"2016-09-26",167.59,24.74,0
"2016-09-27",167.59,24.74,0
"2016-09-27",167.59,24.74,0
"2016-09-28",167.59,24.74,0
"2016-09-28",167.59,24.74,0
"2016-09-29",167.59,24.74,0
"2016-09-29",167.59,24.74,0
"2016-09-30",167.59,24.74,0
"2016-09-30",167.59,24.74,0
"2016-10-01",167.59,24.74,0
"2016-10-01",167.59,24.74,0
"2016-10-02",167.59,24.74,0
"2016-10-02",167.59,24.74,0
"2016-10-03",167.59,24.74,0
"2016-10-03",167.59,24.74,0
"2016-10-04",167.59,24.74,0
"2016-10-04",167.59,24.74,0
"2016-10-05",167.59,24.74,0
"2016-10-05",167.59,24.74,0
"2016-10-06",167.59,24.74,0
"2016-10-06",167.59,24.74,0
"2016-10-07",167.59,24.74,0
"2016-10-07",167.59,24.74,0
"2016-10-08",167.59,24.74,0
"2016-10-08",167.59,24.74,0
"2016-10-09",167.59,24.74,0
"2016-10-09",167.59,24.74,0
"2016-10-10",167.59,24.74,0
"2016-10-10",167.59,24.74,0
"2016-10-11",167.59,24.74,0
"2016-10-11",167.59,24.74,0
"2016-10-12",167.59,24.74,0
"2016-10-12",167.59,24.74,0
"2016-10-13",167.59,24.74,0
"2016-10-13",167.59,24.74,0
"2016-10-14",167.59,24.74,0
"2016-10-14",167.59,24.74,0
"2016-10-15",167.59,24.74,0
"2016-10-15",167.59,24.74,0
"2016-10-16",167.59,24.74,0
"2016-10-16",167.59,24.74,0
"2016-10-17",167.59,24.74,0
"2016-10-17",167.59,24.74,0
"2016-10-18",167.59,24.74,0
"2016-10-18",167.59,24.74,0
"2016-10-19",167.59,24.74,0
"2016-10-19",167.59,24.74,0
"2016-10-20",167.59,24.74,0
"2016-10-20",167.59,24.74,0
"2016-10-21",167.59,24.74,0
"2016-10-21",167.59,24.74,0
"2016-10-22",167.59,24.74,0
"2016-10-22",167.59,24.74,0
"2016-10-23",167.59,24.74,0
"2016-10-23",167.59,24.74,0
"2016-10-24",167.59,24.74,0
"2016-10-24",167.59,24.74,0
"2016-10-25",167.59,24.74,0
"2016-10-25",167.59,24.74,0
"2016-10-26",167.59,24.74,0
"2016-10-26",167.59,24.74,0
"2016-10-27",167.59,24.74,0
"2016-10-27",167.59,24.74,0
"2016-10-28",167.59,24.74,0
"2016-10-28",167.59,24.74,0
"2016-10-29",167.59,24.74,0
"2016-10-29",167.59,24.74,0
"2016-10-30",167.59,24.74,0
"2016-10-30",167.59,24.74,0
"2016-10-31",167.59,24.74,0
"2016-10-31",167.59,24.74,0
