"Date","Calories.Burned","Steps","Distance","Floors","Minutes.Sedentary","Minutes.Lightly.Active","Minutes.Fairly.Active","Minutes.Very.Active","Activity.Calories","Week.Day"
"2014-02-01","1,861","0",0,0,"1,440",0,0,0,"0","Saturday"
"2014-02-02","1,861","0",0,0,"1,440",0,0,0,"0","Sunday"
"2014-02-03","1,862","0",0,0,"1,440",0,0,0,"0","Monday"
"2014-02-04","1,860","0",0,0,"1,440",0,0,0,"0","Tuesday"
"2014-02-05","1,860","0",0,0,"1,440",0,0,0,"0","Wednesday"
"2014-02-06","1,861","0",0,0,"1,440",0,0,0,"0","Thursday"
"2014-02-07","1,861","0",0,0,"1,440",0,0,0,"0","Friday"
"2014-02-08","1,862","0",0,0,"1,440",0,0,0,"0","Saturday"
"2014-02-09","1,860","0",0,0,"1,440",0,0,0,"0","Sunday"
"2014-02-10","1,860","0",0,0,"1,440",0,0,0,"0","Monday"
"2014-02-11","1,861","0",0,0,"1,440",0,0,0,"0","Tuesday"
"2014-02-12","1,861","0",0,0,"1,440",0,0,0,"0","Wednesday"
"2014-02-13","1,862","0",0,0,"1,440",0,0,0,"0","Thursday"
"2014-02-14","1,860","0",0,0,"1,440",0,0,0,"0","Friday"
"2014-02-15","1,860","0",0,0,"1,440",0,0,0,"0","Saturday"
"2014-02-16","1,861","0",0,0,"1,440",0,0,0,"0","Sunday"
"2014-02-17","1,861","0",0,0,"1,440",0,0,0,"0","Monday"
"2014-02-18","1,862","0",0,0,"1,440",0,0,0,"0","Tuesday"
"2014-02-19","1,860","0",0,0,"1,440",0,0,0,"0","Wednesday"
"2014-02-20","1,860","0",0,0,"1,440",0,0,0,"0","Thursday"
"2014-02-21","1,861","0",0,0,"1,440",0,0,0,"0","Friday"
"2014-02-22","1,861","0",0,0,"1,440",0,0,0,"0","Saturday"
"2014-02-23","1,862","0",0,0,"1,440",0,0,0,"0","Sunday"
"2014-02-24","2,254","3,581",1.73,0,"1,356",45,23,16,"443","Monday"
"2014-02-25","3,136","12,085",5.59,0,"633",191,94,45,"1,590","Tuesday"
"2014-02-26","3,356","15,157",6.91,0,"613",188,145,56,"1,896","Wednesday"
"2014-02-27","3,139","13,332",6.2,0,"653",118,56,81,"1,485","Thursday"
"2014-02-28","2,963","8,389",3.82,0,"627",260,96,10,"1,453","Friday"
"2014-03-01","2,682","6,977",3.17,0,"757",160,70,15,"1,046","Saturday"
"2014-03-02","2,905","10,914",5.03,0,"1,226",104,50,60,"1,215","Sunday"
"2014-03-03","2,902","10,600",4.93,0,"1,229",94,57,60,"1,197","Monday"
"2014-03-04","3,433","16,093",7.62,0,"1,114",174,53,99,"1,873","Tuesday"
"2014-03-05","2,701","8,030",3.67,0,"1,238",108,61,33,"991","Wednesday"
"2014-03-06","2,646","7,856",3.67,0,"1,270",89,37,44,"910","Thursday"
"2014-03-07","2,822","8,467",3.86,0,"1,125",208,89,18,"1,304","Friday"
"2014-03-08","2,616","6,074",2.74,0,"680",170,76,6,"994","Saturday"
"2014-03-09","3,010","11,772",5.45,0,"696",157,70,59,"1,431","Sunday"
"2014-03-10","2,822","9,432",4.32,0,"616",134,64,45,"1,178","Monday"
"2014-03-11","2,322","3,545",1.62,0,"734",111,37,5,"600","Tuesday"
"2014-03-12","3,594","18,537",8.62,0,"1,013",210,133,84,"2,180","Wednesday"
"2014-03-13","2,473","6,026",2.77,0,"1,296",88,21,35,"732","Thursday"
"2014-03-14","2,999","10,189",4.65,0,"1,079",242,89,30,"1,519","Friday"
"2014-03-15","1,828","11",0,0,"1,439",1,0,0,"3","Saturday"
"2014-03-16","2,430","5,911",2.67,0,"1,266",94,66,14,"769","Sunday"
"2014-03-17","2,362","3,373",1.52,0,"1,260",140,40,0,"660","Monday"
"2014-03-18","2,753","8,160",3.69,0,"1,138",194,95,13,"1,228","Tuesday"
"2014-03-19","2,322","3,489",1.58,0,"1,297",101,33,9,"571","Wednesday"
"2014-03-20","2,308","3,958",1.86,0,"1,304",83,44,9,"582","Thursday"
"2014-03-21","2,807","8,945",4.04,0,"1,130",192,98,20,"1,294","Friday"
"2014-03-22","2,421","4,320",1.95,0,"1,246",144,43,7,"751","Saturday"
"2014-03-23","2,342","3,874",1.75,0,"1,276",110,53,1,"637","Sunday"
"2014-03-24","3,002","12,411",5.66,0,"1,195",114,58,73,"1,350","Monday"
"2014-03-25","2,670","7,355",3.35,0,"1,220",137,56,27,"987","Tuesday"
"2014-03-26","3,424","16,741",7.6,0,"1,054",197,111,78,"1,948","Wednesday"
"2014-03-27","3,277","14,462",6.6,0,"924",207,104,63,"1,787","Thursday"
"2014-03-28","2,621","7,934",3.6,0,"1,228",115,67,30,"992","Friday"
"2014-03-29","2,066","2,323",1.05,0,"1,374",37,23,6,"299","Saturday"
"2014-03-30","1,822","0",0,0,"1,440",0,0,0,"0","Sunday"
"2014-03-31","1,822","0",0,0,"1,440",0,0,0,"0","Monday"
"2014-04-01","1,822","0",0,0,"1,440",0,0,0,"0","Tuesday"
"2014-04-02","1,821","0",0,0,"1,440",0,0,0,"0","Wednesday"
"2014-04-03","2,051","1,834",0.83,0,"1,385",32,16,7,"247","Thursday"
"2014-04-04","3,257","16,614",7.52,0,"1,147",101,106,86,"1,681","Friday"
"2014-04-05","3,340","17,155",7.76,0,"1,106",124,124,86,"1,819","Saturday"
"2014-04-06","2,541","6,599",2.98,0,"1,246",110,63,21,"868","Sunday"
"2014-04-07","2,619","7,094",3.2,0,"1,214",135,75,16,"972","Monday"
"2014-04-08","1,854","176",0.08,0,"1,427",12,1,0,"45","Tuesday"
"2014-04-09","1,821","0",0,0,"1,440",0,0,0,"0","Wednesday"
"2014-04-10","1,821","0",0,0,"1,440",0,0,0,"0","Thursday"
"2014-04-11","2,955","10,542",4.76,0,"1,100",202,110,28,"1,468","Friday"
"2014-04-12","2,682","8,296",3.75,0,"1,226",101,91,22,"1,000","Saturday"
"2014-04-13","2,495","4,723",2.13,0,"1,211",170,54,5,"863","Sunday"
"2014-04-14","2,679","8,465",3.97,0,"1,248",104,44,44,"1,000","Monday"
"2014-04-15","2,746","8,849",4.16,0,"1,220",113,73,34,"1,078","Tuesday"
"2014-04-16","2,135","2,901",1.31,0,"1,340",60,36,4,"415","Wednesday"
"2014-04-17","1,878","522",0.24,0,"1,423",11,4,2,"73","Thursday"
"2014-04-18","1,821","0",0,0,"1,440",0,0,0,"0","Friday"
"2014-04-19","1,821","0",0,0,"1,440",0,0,0,"0","Saturday"
"2014-04-20","1,821","0",0,0,"1,440",0,0,0,"0","Sunday"
"2014-04-21","1,821","0",0,0,"1,440",0,0,0,"0","Monday"
"2014-04-22","1,821","0",0,0,"1,440",0,0,0,"0","Tuesday"
"2014-04-23","1,821","0",0,0,"1,440",0,0,0,"0","Wednesday"
"2014-04-24","1,821","0",0,0,"1,440",0,0,0,"0","Thursday"
"2014-04-25","1,821","0",0,0,"1,440",0,0,0,"0","Friday"
"2014-04-26","1,821","0",0,0,"1,440",0,0,0,"0","Saturday"
"2014-04-27","1,821","0",0,0,"1,440",0,0,0,"0","Sunday"
"2014-04-28","1,821","0",0,0,"1,440",0,0,0,"0","Monday"
"2014-04-29","1,821","0",0,0,"1,440",0,0,0,"0","Tuesday"
"2014-04-30","1,821","0",0,0,"1,440",0,0,0,"0","Wednesday"
"2014-05-01","1,821","0",0,0,"1,440",0,0,0,"0","Thursday"
"2014-05-02","1,821","0",0,0,"1,440",0,0,0,"0","Friday"
"2014-05-03","1,821","0",0,0,"1,440",0,0,0,"0","Saturday"
"2014-05-04","1,821","0",0,0,"1,440",0,0,0,"0","Sunday"
"2014-05-05","1,821","0",0,0,"1,440",0,0,0,"0","Monday"
"2014-05-06","1,821","0",0,0,"1,440",0,0,0,"0","Tuesday"
"2014-05-07","1,821","0",0,0,"1,440",0,0,0,"0","Wednesday"
"2014-05-08","1,821","0",0,0,"1,440",0,0,0,"0","Thursday"
"2014-05-09","1,821","0",0,0,"1,440",0,0,0,"0","Friday"
"2014-05-10","1,821","0",0,0,"1,440",0,0,0,"0","Saturday"
"2014-05-11","1,821","0",0,0,"1,440",0,0,0,"0","Sunday"
"2014-05-12","1,821","0",0,0,"1,440",0,0,0,"0","Monday"
"2014-05-13","1,821","0",0,0,"1,440",0,0,0,"0","Tuesday"
"2014-05-14","1,821","0",0,0,"1,440",0,0,0,"0","Wednesday"
"2014-05-15","1,821","0",0,0,"1,440",0,0,0,"0","Thursday"
"2014-05-16","1,820","0",0,0,"1,440",0,0,0,"0","Friday"
"2014-05-17","1,821","0",0,0,"1,440",0,0,0,"0","Saturday"
"2014-05-18","1,821","0",0,0,"1,440",0,0,0,"0","Sunday"
"2014-05-19","1,821","0",0,0,"1,440",0,0,0,"0","Monday"
"2014-05-20","1,820","0",0,0,"1,440",0,0,0,"0","Tuesday"
"2014-05-21","1,821","0",0,0,"1,440",0,0,0,"0","Wednesday"
"2014-05-22","2,143","2,462",1.11,0,"1,339",65,33,3,"396","Thursday"
"2014-05-23","3,154","12,448",5.64,0,"952",216,139,28,"1,673","Friday"
"2014-05-24","2,717","9,830",4.44,0,"1,204",82,148,6,"1,109","Saturday"
"2014-05-25","2,754","8,344",3.77,0,"1,163",152,110,15,"1,168","Sunday"
"2014-05-26","2,447","5,879",2.66,0,"1,269",95,60,16,"764","Monday"
"2014-05-27","1,965","1,415",0.64,0,"1,405",19,11,5,"169","Tuesday"
"2014-05-28","1,820","0",0,0,"1,440",0,0,0,"0","Wednesday"
"2014-05-29","1,821","0",0,0,"1,440",0,0,0,"0","Thursday"
"2014-05-30","1,821","0",0,0,"1,440",0,0,0,"0","Friday"
"2014-05-31","1,821","0",0,0,"1,440",0,0,0,"0","Saturday"
"2014-06-01","1,821","0",0,0,"1,440",0,0,0,"0","Sunday"
"2014-06-02","1,820","0",0,0,"1,440",0,0,0,"0","Monday"
"2014-06-03","1,821","0",0,0,"1,440",0,0,0,"0","Tuesday"
"2014-06-04","1,820","0",0,0,"1,440",0,0,0,"0","Wednesday"
"2014-06-05","1,821","0",0,0,"1,440",0,0,0,"0","Thursday"
"2014-06-06","1,820","0",0,0,"1,440",0,0,0,"0","Friday"
"2014-06-07","1,821","0",0,0,"1,440",0,0,0,"0","Saturday"
"2014-06-08","1,821","0",0,0,"1,440",0,0,0,"0","Sunday"
"2014-06-09","1,821","0",0,0,"1,440",0,0,0,"0","Monday"
"2014-06-10","1,821","0",0,0,"1,440",0,0,0,"0","Tuesday"
"2014-06-11","1,820","0",0,0,"1,440",0,0,0,"0","Wednesday"
"2014-06-12","1,821","0",0,0,"1,440",0,0,0,"0","Thursday"
"2014-06-13","1,820","0",0,0,"1,440",0,0,0,"0","Friday"
"2014-06-14","1,821","0",0,0,"1,440",0,0,0,"0","Saturday"
"2014-06-15","1,821","0",0,0,"1,440",0,0,0,"0","Sunday"
"2014-06-16","1,821","0",0,0,"1,440",0,0,0,"0","Monday"
"2014-06-17","1,821","0",0,0,"1,440",0,0,0,"0","Tuesday"
"2014-06-18","1,820","0",0,0,"1,440",0,0,0,"0","Wednesday"
"2014-06-19","1,821","0",0,0,"1,440",0,0,0,"0","Thursday"
"2014-06-20","1,821","0",0,0,"1,440",0,0,0,"0","Friday"
"2014-06-21","1,820","0",0,0,"1,440",0,0,0,"0","Saturday"
"2014-06-22","1,821","0",0,0,"1,440",0,0,0,"0","Sunday"
"2014-06-23","1,821","0",0,0,"1,440",0,0,0,"0","Monday"
"2014-06-24","1,820","0",0,0,"1,440",0,0,0,"0","Tuesday"
"2014-06-25","1,821","0",0,0,"1,440",0,0,0,"0","Wednesday"
"2014-06-26","1,821","0",0,0,"1,440",0,0,0,"0","Thursday"
"2014-06-27","1,820","0",0,0,"1,440",0,0,0,"0","Friday"
"2014-06-28","1,821","0",0,0,"1,440",0,0,0,"0","Saturday"
"2014-06-29","1,821","0",0,0,"1,440",0,0,0,"0","Sunday"
"2014-06-30","1,820","0",0,0,"1,440",0,0,0,"0","Monday"
"2014-07-01","1,821","0",0,0,"1,440",0,0,0,"0","Tuesday"
"2014-07-02","1,821","0",0,0,"1,440",0,0,0,"0","Wednesday"
"2014-07-03","1,820","0",0,0,"1,440",0,0,0,"0","Thursday"
"2014-07-04","1,821","0",0,0,"1,440",0,0,0,"0","Friday"
"2014-07-05","1,821","0",0,0,"1,440",0,0,0,"0","Saturday"
"2014-07-06","1,821","0",0,0,"1,440",0,0,0,"0","Sunday"
"2014-07-07","1,820","0",0,0,"1,440",0,0,0,"0","Monday"
"2014-07-08","1,821","0",0,0,"1,440",0,0,0,"0","Tuesday"
"2014-07-09","1,821","0",0,0,"1,440",0,0,0,"0","Wednesday"
"2014-07-10","1,821","0",0,0,"1,440",0,0,0,"0","Thursday"
"2014-07-11","1,820","0",0,0,"1,440",0,0,0,"0","Friday"
"2014-07-12","1,821","0",0,0,"1,440",0,0,0,"0","Saturday"
"2014-07-13","1,821","0",0,0,"1,440",0,0,0,"0","Sunday"
"2014-07-14","1,821","0",0,0,"1,440",0,0,0,"0","Monday"
"2014-07-15","1,820","0",0,0,"1,440",0,0,0,"0","Tuesday"
"2014-07-16","1,821","0",0,0,"1,440",0,0,0,"0","Wednesday"
"2014-07-17","1,821","0",0,0,"1,440",0,0,0,"0","Thursday"
"2014-07-18","1,821","0",0,0,"1,440",0,0,0,"0","Friday"
"2014-07-19","1,820","0",0,0,"1,440",0,0,0,"0","Saturday"
"2014-07-20","1,821","0",0,0,"1,440",0,0,0,"0","Sunday"
"2014-07-21","1,821","0",0,0,"1,440",0,0,0,"0","Monday"
"2014-07-22","1,821","0",0,0,"1,440",0,0,0,"0","Tuesday"
"2014-07-23","1,820","0",0,0,"1,440",0,0,0,"0","Wednesday"
"2014-07-24","1,820","0",0,0,"1,440",0,0,0,"0","Thursday"
"2014-07-25","1,821","0",0,0,"1,440",0,0,0,"0","Friday"
"2014-07-26","1,821","0",0,0,"1,440",0,0,0,"0","Saturday"
"2014-07-27","1,821","0",0,0,"1,440",0,0,0,"0","Sunday"
"2014-07-28","1,820","0",0,0,"1,440",0,0,0,"0","Monday"
"2014-07-29","1,820","0",0,0,"1,440",0,0,0,"0","Tuesday"
"2014-07-30","1,821","0",0,0,"1,440",0,0,0,"0","Wednesday"
"2014-07-31","1,821","0",0,0,"1,440",0,0,0,"0","Thursday"
"2014-08-01","1,821","0",0,0,"1,440",0,0,0,"0","Friday"
"2014-08-02","1,821","0",0,0,"1,440",0,0,0,"0","Saturday"
"2014-08-03","1,820","0",0,0,"1,440",0,0,0,"0","Sunday"
"2014-08-04","1,821","0",0,0,"1,440",0,0,0,"0","Monday"
"2014-08-05","1,821","0",0,0,"1,440",0,0,0,"0","Tuesday"
"2014-08-06","1,821","0",0,0,"1,440",0,0,0,"0","Wednesday"
"2014-08-07","1,821","0",0,0,"1,440",0,0,0,"0","Thursday"
"2014-08-08","1,820","0",0,0,"1,440",0,0,0,"0","Friday"
"2014-08-09","1,820","0",0,0,"1,440",0,0,0,"0","Saturday"
"2014-08-10","1,821","0",0,0,"1,440",0,0,0,"0","Sunday"
"2014-08-11","1,821","0",0,0,"1,440",0,0,0,"0","Monday"
"2014-08-12","1,821","0",0,0,"1,440",0,0,0,"0","Tuesday"
"2014-08-13","1,821","0",0,0,"1,440",0,0,0,"0","Wednesday"
"2014-08-14","1,820","0",0,0,"1,440",0,0,0,"0","Thursday"
"2014-08-15","1,820","0",0,0,"1,440",0,0,0,"0","Friday"
"2014-08-16","1,822","0",0,0,"1,440",0,0,0,"0","Saturday"
"2014-08-17","1,821","0",0,0,"1,440",0,0,0,"0","Sunday"
"2014-08-18","1,821","0",0,0,"1,440",0,0,0,"0","Monday"
"2014-08-19","1,821","0",0,0,"1,440",0,0,0,"0","Tuesday"
"2014-08-20","1,821","0",0,0,"1,440",0,0,0,"0","Wednesday"
"2014-08-21","1,820","0",0,0,"1,440",0,0,0,"0","Thursday"
"2014-08-22","1,820","0",0,0,"1,440",0,0,0,"0","Friday"
"2014-08-23","1,821","0",0,0,"1,440",0,0,0,"0","Saturday"
"2014-08-24","1,821","0",0,0,"1,440",0,0,0,"0","Sunday"
"2014-08-25","1,821","0",0,0,"1,440",0,0,0,"0","Monday"
"2014-08-26","1,816","0",0,0,"1,440",0,0,0,"0","Tuesday"
"2014-08-27","1,816","0",0,0,"1,440",0,0,0,"0","Wednesday"
"2014-08-28","2,586","7,168",3.24,0,"737",114,76,23,"944","Thursday"
"2014-08-29","2,659","8,703",3.93,0,"1,231",99,70,40,"1,024","Friday"
"2014-08-30","1,817","0",0,0,"1,440",0,0,0,"0","Saturday"
"2014-08-31","4,364","34,240",15.47,0,"893",59,449,39,"3,155","Sunday"
"2014-09-01","1,817","0",0,0,"1,440",0,0,0,"0","Monday"
"2014-09-02","2,654","8,664",3.94,0,"1,230",114,56,40,"1,032","Tuesday"
"2014-09-03","3,077","12,477",5.65,0,"1,111",189,83,57,"1,561","Wednesday"
"2014-09-04","2,738","8,981",4.11,0,"1,218",123,64,35,"1,083","Thursday"
"2014-09-05","3,297","16,823",7.62,0,"1,112",128,113,87,"1,777","Friday"
"2014-09-06","2,809","10,936",4.94,0,"1,213",107,56,64,"1,201","Saturday"
"2014-09-07","1,817","0",0,0,"1,440",0,0,0,"0","Sunday"
"2014-09-08","3,427","19,791",8.94,0,"1,088",104,167,81,"1,977","Monday"
"2014-09-09","3,052","14,235",6.43,0,"1,174",103,80,83,"1,479","Tuesday"
"2014-09-10","2,988","10,897",4.94,0,"1,105",209,88,38,"1,480","Wednesday"
"2014-09-11","2,794","10,250",4.63,0,"1,226",108,48,58,"1,137","Thursday"
"2014-09-12","3,095","14,695",6.85,0,"1,166",103,94,77,"1,546","Friday"
"2014-09-13","2,744","10,349",4.69,0,"1,234",84,71,51,"1,105","Saturday"
"2014-09-14","2,831","10,542",4.76,0,"1,177",127,94,42,"1,257","Sunday"
"2014-09-15","3,518","19,603",8.91,0,"1,067",147,119,107,"2,062","Monday"
"2014-09-16","2,684","10,200",4.61,0,"1,280",49,39,72,"993","Tuesday"
"2014-09-17","3,009","11,175",5.05,0,"1,096",192,123,29,"1,499","Wednesday"
"2014-09-18","3,094","14,574",6.61,0,"1,166",105,93,76,"1,518","Thursday"
"2014-09-19","3,006","11,097",5.01,0,"1,070",211,144,15,"1,551","Friday"
"2014-09-20","2,924","12,173",5.59,0,"1,195",108,72,65,"1,320","Saturday"
"2014-09-21","2,208","2,865",1.29,0,"1,310",91,33,6,"499","Sunday"
"2014-09-22","2,132","2,903",1.31,0,"1,338",59,39,4,"420","Monday"
"2014-09-23","1,815","0",0,0,"1,440",0,0,0,"0","Tuesday"
"2014-09-24","2,989","11,182",5.09,0,"1,111",197,89,43,"1,481","Wednesday"
"2014-09-25","1,817","0",0,0,"1,440",0,0,0,"0","Thursday"
"2014-09-26","1,817","0",0,0,"1,440",0,0,0,"0","Friday"
"2014-09-27","1,816","0",0,0,"1,440",0,0,0,"0","Saturday"
"2014-09-28","2,062","2,173",0.98,0,"1,373",39,21,7,"292","Sunday"
"2014-09-29","3,719","21,435",9.82,0,"1,004",193,132,111,"2,341","Monday"
"2014-09-30","3,099","15,428",7.05,0,"1,206",73,65,96,"1,490","Tuesday"
"2014-10-01","2,892","9,786",4.44,0,"1,128",200,82,30,"1,358","Wednesday"
"2014-10-02","3,223","15,208",7.05,0,"1,115",151,101,73,"1,707","Thursday"
"2014-10-03","3,551","18,840",8.92,0,"1,041",175,143,81,"2,124","Friday"
"2014-10-04","3,248","15,222",7.26,0,"1,084",174,124,58,"1,808","Saturday"
"2014-10-05","3,049","13,553",6.3,0,"1,139",134,110,57,"1,546","Sunday"
"2014-10-06","3,191","16,356",7.68,0,"1,143",99,122,76,"1,704","Monday"
"2014-10-07","1,825","27",0.01,0,"1,438",2,0,0,"7","Tuesday"
"2014-10-08","2,858","9,625",4.36,0,"1,130",204,71,35,"1,348","Wednesday"
"2014-10-09","3,551","20,054",9.54,0,"1,073",153,116,98,"2,137","Thursday"
"2014-10-10","3,765","21,873",10.42,0,"1,007",187,152,94,"2,408","Friday"
"2014-10-11","3,247","16,521",7.81,0,"1,145",135,61,99,"1,748","Saturday"
"2014-10-12","3,469","20,244",9.58,0,"1,110",105,110,115,"2,032","Sunday"
"2014-10-13","3,759","22,914",10.49,0,"976",181,176,107,"2,467","Monday"
"2014-10-14","2,617","8,779",4.07,0,"1,264",86,40,50,"963","Tuesday"
"2014-10-15","1,805","0",0,0,"1,440",0,0,0,"0","Wednesday"
"2014-10-16","1,809","18",0.01,0,"1,440",0,0,0,"0","Thursday"
"2014-10-17","1,819","1,766",0.8,0,"1,435",3,0,2,"29","Friday"
"2014-10-18","1,796","0",0,0,"1,440",0,0,0,"0","Saturday"
"2014-10-19","1,799","0",0,0,"1,440",0,0,0,"0","Sunday"
"2014-10-20","1,792","0",0,0,"1,440",0,0,0,"0","Monday"
"2014-10-21","2,298","15,852",7.21,0,"1,397",20,14,9,"217","Tuesday"
"2014-10-22","3,188","14,489",6.71,0,"1,386",31,15,8,"248","Wednesday"
"2014-10-23","3,340","18,032",8.5,0,"1,395",23,13,9,"232","Thursday"
"2014-10-24","3,331","18,037",8.64,0,"1,393",16,19,12,"281","Friday"
"2014-10-25","1,946","1,415",0.69,0,"1,403",21,10,6,"182","Saturday"
"2014-10-26","1,798","61",0.03,0,"1,436",4,0,0,"14","Sunday"
"2014-10-27","1,899","1,417",0.66,0,"1,420",3,9,8,"129","Monday"
"2014-10-28","1,932","1,326",0.6,0,"1,405",20,8,7,"163","Tuesday"
"2014-10-29","1,933","1,222",0.55,0,"1,399",29,8,4,"172","Wednesday"
"2014-10-30","1,783","0",0,0,"1,440",0,0,0,"0","Thursday"
"2014-10-31","1,783","0",0,0,"1,440",0,0,0,"0","Friday"
"2014-11-01","1,783","0",0,0,"1,440",0,0,0,"0","Saturday"
"2014-11-02","1,851","2,894",1.31,0,"1,425",10,2,3,NA,"Sunday"
"2014-11-03","2,608","6,854",3.1,0,"1,389",27,15,9,NA,"Monday"
"2014-11-04","3,342","17,802",8.31,0,"1,400",23,7,10,NA,"Tuesday"
"2014-11-05","2,945","13,810",6.25,0,"1,396",26,11,7,NA,"Wednesday"
"2014-11-06","2,912","11,194",5.06,0,"1,408",14,9,9,NA,"Thursday"
"2014-11-07","2,984","14,224",6.67,0,"1,415",16,8,1,NA,"Friday"
"2014-11-08","2,383","5,495",2.48,0,"1,419",9,6,6,NA,"Saturday"
"2014-11-09","3,294","18,963",9.67,0,"1,388",27,14,11,NA,"Sunday"
"2014-11-10","1,955","1,430",0.65,0,"1,386",38,11,5,"217","Monday"
"2014-11-11","1,770","35",0.02,0,"1,438",2,0,0,"7","Tuesday"
"2014-11-12","1,764","0",0,0,"1,440",0,0,0,"0","Wednesday"
"2014-11-13","1,762","0",0,0,"1,440",0,0,0,"0","Thursday"
"2014-11-14","3,089","12,824",6.45,0,"1,413",12,7,8,NA,"Friday"
"2014-11-15","2,596","8,908",4.17,0,"1,405",17,14,4,NA,"Saturday"
"2014-11-16","1,780","3,282",1.53,0,"1,436",2,0,2,NA,"Sunday"
"2014-11-17","1,751","0",0,0,"1,440",0,0,0,"0","Monday"
"2014-11-18","1,757","0",0,0,"1,440",0,0,0,"0","Tuesday"
"2014-11-19","1,763","0",0,0,"1,440",0,0,0,"0","Wednesday"
"2014-11-20","1,759","0",0,0,"1,440",0,0,0,"0","Thursday"
"2014-11-21","1,752","0",0,0,"1,440",0,0,0,"0","Friday"
"2014-11-22","1,749","0",0,0,"1,440",0,0,0,"0","Saturday"
"2014-11-23","1,763","0",0,0,"1,440",0,0,0,"0","Sunday"
"2014-11-24","1,761","0",0,0,"1,440",0,0,0,"0","Monday"
"2014-11-25","1,758","0",0,0,"1,440",0,0,0,"0","Tuesday"
"2014-11-26","1,755","0",0,0,"1,440",0,0,0,"0","Wednesday"
"2014-11-27","1,756","0",0,0,"1,440",0,0,0,"0","Thursday"
"2014-11-28","1,757","0",0,0,"1,440",0,0,0,"0","Friday"
"2014-11-29","1,758","0",0,0,"1,440",0,0,0,"0","Saturday"
"2014-11-30","1,759","0",0,0,"1,440",0,0,0,"0","Sunday"
"2014-12-01","1,760","0",0,0,"1,440",0,0,0,"0","Monday"
"2014-12-02","1,760","0",0,0,"1,440",0,0,0,"0","Tuesday"
"2014-12-03","1,752","0",0,0,"1,440",0,0,0,"0","Wednesday"
"2014-12-04","1,749","0",0,0,"1,440",0,0,0,"0","Thursday"
"2014-12-05","1,744","0",0,0,"1,440",0,0,0,"0","Friday"
"2014-12-06","1,747","0",0,0,"1,440",0,0,0,"0","Saturday"
"2014-12-07","1,734","0",0,0,"1,440",0,0,0,"0","Sunday"
"2014-12-08","1,753","0",0,0,"1,440",0,0,0,"0","Monday"
"2014-12-09","1,746","0",0,0,"1,440",0,0,0,"0","Tuesday"
"2014-12-10","1,745","0",0,0,"1,440",0,0,0,"0","Wednesday"
"2014-12-11","1,737","0",0,0,"1,440",0,0,0,"0","Thursday"
"2014-12-12","1,735","0",0,0,"1,440",0,0,0,"0","Friday"
"2014-12-13","1,731","0",0,0,"1,440",0,0,0,"0","Saturday"
"2014-12-14","1,732","0",0,0,"1,440",0,0,0,"0","Sunday"
"2014-12-15","1,732","0",0,0,"1,440",0,0,0,"0","Monday"
"2014-12-16","1,738","0",0,0,"1,440",0,0,0,"0","Tuesday"
"2014-12-17","1,729","0",0,0,"1,440",0,0,0,"0","Wednesday"
"2014-12-18","1,726","0",0,0,"1,440",0,0,0,"0","Thursday"
"2014-12-19","1,729","0",0,0,"1,440",0,0,0,"0","Friday"
"2014-12-20","1,727","0",0,0,"1,440",0,0,0,"0","Saturday"
"2014-12-21","1,729","0",0,0,"1,440",0,0,0,"0","Sunday"
"2014-12-22","1,733","0",0,0,"1,440",0,0,0,"0","Monday"
"2014-12-23","1,724","0",0,0,"1,440",0,0,0,"0","Tuesday"
"2014-12-24","1,728","0",0,0,"1,440",0,0,0,"0","Wednesday"
"2014-12-25","1,729","0",0,0,"1,440",0,0,0,"0","Thursday"
"2014-12-26","1,730","0",0,0,"1,440",0,0,0,"0","Friday"
"2014-12-27","1,730","0",0,0,"1,440",0,0,0,"0","Saturday"
"2014-12-28","1,731","0",0,0,"1,440",0,0,0,"0","Sunday"
"2014-12-29","1,731","0",0,0,"1,440",0,0,0,"0","Monday"
"2014-12-30","1,731","0",0,0,"1,440",0,0,0,"0","Tuesday"
"2014-12-31","1,731","0",0,0,"1,440",0,0,0,"0","Wednesday"
"2015-01-01","1,731","0",0,0,"1,440",0,0,0,"0","Thursday"
"2015-01-02","1,731","0",0,0,"1,440",0,0,0,"0","Friday"
"2015-01-03","1,731","0",0,0,"1,440",0,0,0,"0","Saturday"
"2015-01-04","1,731","0",0,0,"1,440",0,0,0,"0","Sunday"
"2015-01-05","1,731","0",0,0,"1,440",0,0,0,"0","Monday"
"2015-01-06","1,731","0",0,0,"1,440",0,0,0,"0","Tuesday"
"2015-01-07","1,732","0",0,0,"1,440",0,0,0,"0","Wednesday"
"2015-01-08","1,732","0",0,0,"1,440",0,0,0,"0","Thursday"
"2015-01-09","1,731","0",0,0,"1,440",0,0,0,"0","Friday"
"2015-01-10","1,732","0",0,0,"1,440",0,0,0,"0","Saturday"
"2015-01-11","1,732","0",0,0,"1,440",0,0,0,"0","Sunday"
"2015-01-12","1,732","0",0,0,"1,440",0,0,0,"0","Monday"
"2015-01-13","1,726","0",0,0,"1,440",0,0,0,"0","Tuesday"
"2015-01-14","1,726","0",0,0,"1,440",0,0,0,"0","Wednesday"
"2015-01-15","1,721","0",0,0,"1,440",0,0,0,"0","Thursday"
"2015-01-16","1,724","0",0,0,"1,440",0,0,0,"0","Friday"
"2015-01-17","1,730","0",0,0,"1,440",0,0,0,"0","Saturday"
"2015-01-18","1,722","0",0,0,"1,440",0,0,0,"0","Sunday"
"2015-01-19","1,731","0",0,0,"1,440",0,0,0,"0","Monday"
"2015-01-20","1,724","0",0,0,"1,440",0,0,0,"0","Tuesday"
"2015-01-21","1,729","0",0,0,"1,440",0,0,0,"0","Wednesday"
"2015-01-22","1,728","0",0,0,"1,440",0,0,0,"0","Thursday"
"2015-01-23","1,723","0",0,0,"1,440",0,0,0,"0","Friday"
"2015-01-24","1,717","0",0,0,"1,440",0,0,0,"0","Saturday"
"2015-01-25","1,719","0",0,0,"1,440",0,0,0,"0","Sunday"
"2015-01-26","2,541","4,694",2.12,24,"1,216",224,0,0,"1,001","Monday"
"2015-01-27","3,200","14,886",7.25,26,"666",186,48,70,"1,725","Tuesday"
"2015-01-28","3,085","14,301",6.46,26,"622",163,58,70,"1,636","Wednesday"
"2015-01-29","2,522","8,683",4.13,24,"773",153,8,28,"914","Thursday"
"2015-01-30","2,928","15,088",7,29,"668",174,20,71,"1,430","Friday"
"2015-01-31","2,516","6,674",3.02,31,"731",225,0,0,"951","Saturday"
"2015-02-01","2,728","5,674",2.56,19,"708",204,13,31,"1,207","Sunday"
"2015-02-02","2,954","10,191",4.76,25,"1,108",288,11,33,"1,514","Monday"
"2015-02-03","2,563","0",0,0,"1,440",0,0,0,"0","Tuesday"
"2015-02-04","3,148","16,085",7.44,46,"1,143",202,21,74,"1,652","Wednesday"
"2015-02-05","2,995","14,373",8.31,30,"654",193,19,61,"1,482","Thursday"
"2015-02-06","2,760","11,606",5.29,15,"753",185,27,49,"1,253","Friday"
"2015-02-07","3,083","17,227",8.89,40,"1,177",112,46,105,"1,632","Saturday"
"2015-02-08","2,994","12,731",6.09,31,"1,169",199,24,48,"1,453","Sunday"
"2015-02-09","3,150","14,068",6.66,29,"1,065",306,26,43,"1,792","Monday"
"2015-02-10","2,971","13,912",6.51,42,"756",150,36,65,"1,446","Tuesday"
"2015-02-11","2,474","8,206",3.89,35,"1,249",164,7,20,"935","Wednesday"
"2015-02-12","3,207","16,644",8.96,40,"1,139",214,32,55,"1,727","Thursday"
"2015-02-13","2,708","10,406",4.78,37,"1,197",216,15,12,"1,185","Friday"
"2015-02-14","2,515","8,940",4.21,24,"1,235",161,16,28,"995","Saturday"
"2015-02-15","1,716","98",0.04,0,"1,436",4,0,0,"16","Sunday"
"2015-02-16","3,033","14,363",6.56,32,"1,067",318,18,37,"1,683","Monday"
"2015-02-17","2,893","12,996",5.75,39,"1,144",221,28,47,"1,479","Tuesday"
"2015-02-18","1,698","45",0.02,0,"1,438",2,0,0,"7","Wednesday"
"2015-02-19","2,317","8,019",4.14,20,"1,332",53,16,39,"750","Thursday"
"2015-02-20","2,725","9,558",4.35,15,"1,159",235,22,24,"1,280","Friday"
"2015-02-21","2,695","10,445",5.07,18,"1,206",199,14,21,"1,190","Saturday"
"2015-02-22","1,694","0",0,0,"1,440",0,0,0,"0","Sunday"
"2015-02-23","2,757","10,934",5.03,39,"1,145",251,10,34,"1,320","Monday"
"2015-02-24","1,695","9",0,0,"1,440",0,0,0,"0","Tuesday"
"2015-02-25","2,768","10,163",4.49,32,"1,185",176,46,33,"1,321","Wednesday"
"2015-02-26","2,686","10,574",4.87,32,"719",228,13,27,"1,228","Thursday"
"2015-02-27","2,854","11,567",5.39,17,"1,134",267,4,35,"1,395","Friday"
"2015-02-28","2,952","12,730",6.12,22,"1,130",265,14,31,"1,544","Saturday"
"2015-03-01","2,892","11,300",5.17,28,"1,089",341,6,4,"1,531","Sunday"
"2015-03-02","1,691","106",0.05,0,"1,436",4,0,0,"15","Monday"
"2015-03-03","1,672","0",0,0,"1,440",0,0,0,"0","Tuesday"
"2015-03-04","2,186","6,150",3.41,19,"1,323",76,18,23,"627","Wednesday"
"2015-03-05","2,510","8,061",3.69,23,"760",254,0,0,"1,040","Thursday"
"2015-03-06","2,923","12,972",6.41,23,"1,093",294,20,33,"1,569","Friday"
"2015-03-07","3,157","15,500",7.05,23,"1,070",308,14,48,"1,767","Saturday"
"2015-03-08","2,596","8,048",3.63,21,"1,161",269,4,6,"1,140","Sunday"
"2015-03-09","2,754","11,420",5.18,28,"1,152",233,22,33,"1,293","Monday"
"2015-03-10","2,582","12,539",5.75,18,"1,258",94,19,69,"1,054","Tuesday"
"2015-03-11","1,666","0",0,0,"1,440",0,0,0,"0","Wednesday"
"2015-03-12","3,055","15,626",7.55,25,"1,101",266,16,57,"1,680","Thursday"
"2015-03-13","1,669","0",0,0,"1,440",0,0,0,"0","Friday"
"2015-03-14","1,774","1,033",0.47,5,"1,413",27,0,0,"117","Saturday"
"2015-03-15","2,578","9,606",4.33,81,"1,214",183,21,22,"1,098","Sunday"
"2015-03-16","1,681","40",0.02,2,"1,440",0,0,0,"0","Monday"
"2015-03-17","1,772","901",0.41,1,"1,412",21,7,0,"129","Tuesday"
"2015-03-18","1,676","0",0,0,"1,440",0,0,0,"0","Wednesday"
"2015-03-19","2,653","12,712",5.88,16,"1,244",110,15,71,"1,105","Thursday"
"2015-03-20","3,142","13,934",6.43,17,"1,109",237,44,50,"1,671","Friday"
"2015-03-21","2,492","7,760",3.6,12,"1,186",254,0,0,"1,043","Saturday"
"2015-03-22","1,677","0",0,0,"1,440",0,0,0,"0","Sunday"
"2015-03-23","1,679","0",0,0,"1,440",0,0,0,"0","Monday"
"2015-03-24","2,268","7,314",3.98,17,"1,311",84,19,26,"726","Tuesday"
"2015-03-25","1,942","1,758",0.79,14,"1,371",69,0,0,"285","Wednesday"
"2015-03-26","2,924","14,321",6.68,33,"1,140",204,41,55,"1,541","Thursday"
"2015-03-27","2,697","9,874",4.47,16,"1,161",243,32,4,"1,236","Friday"
"2015-03-28","3,156","15,296",6.98,15,"1,012",383,8,37,"1,889","Saturday"
"2015-03-29","1,683","0",0,0,"1,440",0,0,0,"0","Sunday"
"2015-03-30","1,684","0",0,0,"1,440",0,0,0,"0","Monday"
"2015-03-31","1,682","0",0,0,"1,440",0,0,0,"0","Tuesday"
"2015-04-01","1,682","0",0,0,"1,440",0,0,0,"0","Wednesday"
"2015-04-02","2,104","3,931",1.77,8,"1,353",39,18,30,"497","Thursday"
"2015-04-03","2,379","7,679",3.69,23,"1,248",178,0,14,"867","Friday"
"2015-04-04","1,685","6",0,0,"1,440",0,0,0,"0","Saturday"
"2015-04-05","1,682","0",0,0,"1,440",0,0,0,"0","Sunday"
"2015-04-06","1,683","0",0,0,"1,440",0,0,0,"0","Monday"
"2015-04-07","2,007","3,676",2.05,9,"1,364",58,5,13,"402","Tuesday"
"2015-04-08","1,683","0",0,0,"1,440",0,0,0,"0","Wednesday"
"2015-04-09","2,996","16,264",7.43,38,"1,131",232,30,47,"1,599","Thursday"
"2015-04-10","2,956","16,228",7.39,67,"1,158",182,20,80,"1,515","Friday"
"2015-04-11","3,043","15,916",7.18,41,"1,109",223,61,47,"1,694","Saturday"
"2015-04-12","1,771","1,093",0.49,1,"1,419",21,0,0,"99","Sunday"
"2015-04-13","1,684","0",0,0,"1,440",0,0,0,"0","Monday"
"2015-04-14","2,963","18,085",7.82,0,"1,171",129,27,113,"1,555","Tuesday"
"2015-04-15","2,995","17,839",8.71,6,"1,176",129,36,99,"1,583","Wednesday"
"2015-04-16","2,281","5,484",2.96,7,"1,288",151,1,0,"672","Thursday"
"2015-04-17","2,594","9,094",4.83,17,"1,195",245,0,0,"1,084","Friday"
"2015-04-18","2,823","13,205",6.94,14,"1,142",237,40,21,"1,406","Saturday"
"2015-04-19","2,871","13,783",7.27,21,"1,142",255,12,31,"1,442","Sunday"
"2015-04-20","3,012","13,951",7.46,51,"1,076",323,16,25,"1,646","Monday"
"2015-04-21","2,964","15,765",7.8,70,"1,158",180,40,62,"1,523","Tuesday"
"2015-04-22","2,988","12,135",6.87,46,"1,056",372,3,9,"1,660","Wednesday"
"2015-04-23","2,892","14,266",7.1,29,"1,125",244,21,50,"1,511","Thursday"
"2015-04-24","2,881","12,073",5.95,32,"1,158",208,40,34,"1,438","Friday"
"2015-04-25","2,644","10,637",5.25,32,"1,190",191,16,43,"1,192","Saturday"
"2015-04-26","2,598","8,781",4.73,19,"1,185",223,5,27,"1,114","Sunday"
"2015-04-27","3,083","16,726",8.09,37,"1,096",252,19,73,"1,712","Monday"
"2015-04-28","3,034","17,036",8.14,42,"649",194,39,63,"1,602","Tuesday"
"2015-04-29","3,532","20,667",10.61,26,"1,091",181,33,135,"2,179","Wednesday"
"2015-04-30","3,032","16,369",7.81,20,"1,130",218,25,67,"1,624","Thursday"
"2015-05-01","2,774","11,345",6,15,"1,136",255,16,33,"1,355","Friday"
"2015-05-02","3,580","19,812",10.38,41,"1,000",297,57,86,"2,314","Saturday"
"2015-05-03","1,895","2,511",1.24,3,"1,390",31,3,16,"255","Sunday"
"2015-05-04","2,439","6,336",3.56,25,"1,204",224,6,6,"954","Monday"
"2015-05-05","2,701","13,630",6.63,28,"1,218",152,22,48,"1,231","Tuesday"
"2015-05-06","3,083","18,162",9.24,30,"1,154",171,43,72,"1,654","Wednesday"
"2015-05-07","2,394","8,510",4.3,17,"1,283",127,4,26,"823","Thursday"
"2015-05-08","3,327","13,564",7.21,22,"1,027",358,22,33,"2,016","Friday"
"2015-05-09","3,436","16,993",8.82,27,"1,032",290,61,57,"2,145","Saturday"
"2015-05-10","2,386","5,120",2.95,21,"1,216",224,0,0,"867","Sunday"
"2015-05-11","2,696","9,120",4.55,27,"1,165",245,11,19,"1,239","Monday"
"2015-05-12","2,380","7,410",3.74,28,"1,287",114,11,28,"769","Tuesday"
"2015-05-13","2,750","11,812",6.14,27,"1,171",217,19,33,"1,300","Wednesday"
"2015-05-14","3,104","16,785",8.46,18,"1,150",195,24,71,"1,700","Thursday"
"2015-05-15","3,856","19,294",9.96,33,"921",397,55,67,"2,647","Friday"
"2015-05-16","1,854","1,115",0.52,2,"1,072",7,2,9,"112","Saturday"
"2015-05-17","2,491","7,780",4.26,22,"1,231",176,29,4,"942","Sunday"
"2015-05-18","2,693","11,580",6.81,49,"1,248",123,19,50,"1,168","Monday"
"2015-05-19","2,780","12,763",6.68,15,"1,149",256,24,11,"1,354","Tuesday"
"2015-05-20","2,365","5,597",3.31,11,"1,254",186,0,0,"795","Wednesday"
"2015-05-21","2,752","5,819",3.24,1,"1,205",209,4,22,"1,138","Thursday"
"2015-05-22","4,450","23,048",11.51,74,"990",277,62,111,"2,678","Friday"
"2015-05-23","3,603","19,433",10.03,133,"1,033",294,45,68,"2,279","Saturday"
"2015-05-24","3,200","15,437",7.8,94,"1,103",245,40,52,"1,793","Sunday"
"2015-05-25","3,381","15,017",8.1,16,"1,029",354,50,7,"1,968","Monday"
"2015-05-26","2,352","5,655",2.98,4,"1,282",135,16,7,"749","Tuesday"
"2015-05-27","2,354","6,650",7.13,2,"1,305",85,28,22,"768","Wednesday"
"2015-05-28","2,330","4,931",2.6,2,"1,308",87,23,22,"684","Thursday"
"2015-05-29","2,274","6,633",3.62,16,"1,272",168,0,0,"722","Friday"
"2015-05-30","1,877","1,610",0.93,2,"1,391",49,0,0,"219","Saturday"
"2015-05-31","1,726","124",0.08,0,"1,432",8,0,0,"28","Sunday"
"2015-06-01","1,705","0",0,0,"1,440",0,0,0,"0","Monday"
"2015-06-02","1,705","0",0,0,"1,440",0,0,0,"0","Tuesday"
"2015-06-03","2,961","10,510",5.68,19,"1,118",286,24,12,"1,463","Wednesday"
"2015-06-04","3,538","16,061",8.84,28,"1,008",300,72,60,"2,265","Thursday"
"2015-06-05","3,676","16,270",9.08,65,"967",351,103,19,"2,382","Friday"
"2015-06-06","3,431","14,798",8.58,29,"970",412,46,12,"2,173","Saturday"
"2015-06-07","3,431","18,741",9.05,36,"1,055",241,49,95,"2,119","Sunday"
"2015-06-08","3,365","19,310",9.71,10,"1,069",210,69,92,"2,035","Monday"
"2015-06-09","2,995","13,190",6.53,18,"1,205",119,27,89,"1,458","Tuesday"
"2015-06-10","3,339","17,237",8.54,29,"1,040",316,35,49,"2,006","Wednesday"
"2015-06-11","3,210","18,571",8.94,20,"1,109",179,59,93,"1,830","Thursday"
"2015-06-12","3,832","27,548",12.93,33,"995",227,88,130,"2,583","Friday"
"2015-06-13","3,130","17,304",8.85,23,"1,123",217,58,42,"1,694","Saturday"
"2015-06-14","2,678","11,002",5.68,2,"1,195",160,48,37,"1,232","Sunday"
"2015-06-15","3,297","17,738",8.63,28,"1,041",316,47,36,"1,983","Monday"
"2015-06-16","2,265","4,826",2.64,5,"1,270",170,0,0,"717","Tuesday"
"2015-06-17","2,438","6,997",3.69,4,"1,256",161,10,13,"855","Wednesday"
"2015-06-18","3,226","17,307",8.56,30,"1,113",230,26,71,"1,777","Thursday"
"2015-06-19","3,265","17,356",8.61,21,"1,123",206,31,80,"1,789","Friday"
"2015-06-20","3,141","16,884",8.57,11,"1,103",230,54,53,"1,742","Saturday"
"2015-06-21","3,100","17,299",8.35,16,"1,016",161,42,82,"1,624","Sunday"
"2015-06-22","3,066","13,128",6.51,53,"1,134",232,27,47,"1,602","Monday"
"2015-06-23","2,699","10,492",5.92,18,"1,232",152,25,31,"1,147","Tuesday"
"2015-06-24","2,507","6,846",3.79,3,"1,206",224,5,5,"987","Wednesday"
"2015-06-25","2,437","5,956",3.34,5,"1,236",191,6,7,"863","Thursday"
"2015-06-26","2,992","11,043",5.74,23,"1,137",247,31,25,"1,501","Friday"
"2015-06-27","2,719","10,000",5.38,11,"1,176",195,44,25,"1,279","Saturday"
"2015-06-28","2,724","10,706",5.66,2,"1,163",209,56,12,"1,267","Sunday"
"2015-06-29","2,944","12,684",6.31,21,"1,157",191,48,44,"1,506","Monday"
"2015-06-30","3,055","11,995",6.04,16,"1,090",275,44,31,"1,642","Tuesday"
"2015-07-01","2,610","8,509",4.56,5,"1,191",226,5,18,"1,113","Wednesday"
"2015-07-02","3,068","16,042",8.04,10,"1,112",241,29,58,"1,698","Thursday"
"2015-07-03","3,140","16,485",7.87,35,"1,146",152,59,83,"1,711","Friday"
"2015-07-04","2,250","6,455",3.26,2,"1,305",87,14,34,"677","Saturday"
"2015-07-05","2,891","11,466",5.83,24,"1,164",219,12,45,"1,433","Sunday"
"2015-07-06","3,268","17,602",8.94,40,"1,099",234,32,75,"1,872","Monday"
"2015-07-07","2,735","12,231",6.83,14,"1,215",170,9,46,"1,214","Tuesday"
"2015-07-08","2,981","13,604",6.94,24,"1,171",170,32,67,"1,497","Wednesday"
"2015-07-09","2,630","9,961",5.24,5,"1,213",196,18,13,"1,096","Thursday"
"2015-07-10","3,150","17,500",8.28,15,"1,135",179,36,90,"1,706","Friday"
"2015-07-11","2,498","6,615",3.62,10,"1,221",198,8,13,"946","Saturday"
"2015-07-12","2,508","10,734",4.98,10,"1,284",76,29,51,"930","Sunday"
"2015-07-13","2,633","10,321",5.46,8,"1,187",253,0,0,"1,145","Monday"
"2015-07-14","2,545","10,602",5.5,5,"1,219",202,3,16,"1,051","Tuesday"
"2015-07-15","2,593","8,891",4.7,6,"1,208",217,8,7,"1,045","Wednesday"
"2015-07-16","3,243","16,857",8.62,59,"1,113",187,78,62,"1,819","Thursday"
"2015-07-17","2,621","10,684",5.36,7,"1,224",184,14,18,"1,069","Friday"
"2015-07-18","2,650","7,753",4.67,13,"1,136",304,0,0,"1,230","Saturday"
"2015-07-19","3,414","15,499",8.37,64,"1,070",232,46,92,"2,056","Sunday"
"2015-07-20","3,120","12,907",6.61,59,"1,175",152,35,78,"1,601","Monday"
"2015-07-21","2,586","10,496",5.35,15,"1,223",193,9,15,"1,070","Tuesday"
"2015-07-22","3,464","18,120",10.33,65,"1,101",243,24,72,"2,024","Wednesday"
"2015-07-23","3,340","16,005",8.26,95,"1,096",216,57,71,"1,902","Thursday"
"2015-07-24","2,853","14,116",6.67,28,"1,199",147,35,59,"1,355","Friday"
"2015-07-25","3,056","11,411",6.24,65,"1,148",198,33,61,"1,631","Saturday"
"2015-07-26","1,991","3,043",1.63,3,"1,367",66,6,1,"345","Sunday"
"2015-07-27","2,652","10,828",5.62,12,"1,190",218,18,14,"1,160","Monday"
"2015-07-28","2,707","10,958",5.53,45,"1,228",141,36,35,"1,163","Tuesday"
"2015-07-29","3,212","15,000",7.74,146,"1,129",199,40,72,"1,779","Wednesday"
"2015-07-30","2,866","11,329",5.88,17,"1,166",235,19,20,"1,334","Thursday"
"2015-07-31","2,855","13,282",6.27,29,"1,179",187,28,46,"1,369","Friday"
"2015-08-01","3,000","11,543",5.49,17,"1,153",185,50,52,"1,547","Saturday"
"2015-08-02","2,723","11,463",5.48,20,"1,202",143,36,59,"1,240","Sunday"
"2015-08-03","2,796","11,814",5.99,35,"1,161",247,18,14,"1,340","Monday"
"2015-08-04","3,072","15,185",7.76,27,"1,111",251,47,31,"1,660","Tuesday"
"2015-08-05","2,887","13,603",6.56,22,"1,175",188,38,39,"1,419","Wednesday"
"2015-08-06","2,648","10,500",5.02,16,"1,233",162,14,31,"1,080","Thursday"
"2015-08-07","2,634","9,054",4.72,7,"1,195",207,17,21,"1,132","Friday"
"2015-08-08","2,922","10,084",5.97,7,"1,049",376,14,1,"1,592","Saturday"
"2015-08-09","2,223","4,492",2.16,4,"1,302",132,6,0,"586","Sunday"
"2015-08-10","2,904","14,240",6.88,27,"1,146",192,41,61,"1,467","Monday"
"2015-08-11","2,640","10,537",5.08,23,"1,209",183,36,12,"1,134","Tuesday"
"2015-08-12","2,494","7,683",4.19,10,"1,219",191,17,13,"954","Wednesday"
"2015-08-13","2,902","13,176",6.41,40,"1,169",204,24,43,"1,417","Thursday"
"2015-08-14","3,308","13,582",5.79,94,"1,141",187,25,87,"1,837","Friday"
"2015-08-15","2,288","4,025",1.96,23,"1,287",107,42,4,"732","Saturday"
"2015-08-16","3,752","18,107",3.6,137,"1,172",52,45,171,"2,300","Sunday"
"2015-08-17","2,694","11,145",5.05,43,"1,215",165,19,41,"1,172","Monday"
"2015-08-18","2,458","8,743",4.01,5,"1,250",177,8,5,"913","Tuesday"
"2015-08-19","2,664","9,851",4.33,48,"1,201",229,2,8,"1,146","Wednesday"
"2015-08-20","2,812","11,968",5.2,19,"1,181",193,25,41,"1,321","Thursday"
"2015-08-21","2,363","7,147",3.25,11,"1,285",113,20,22,"756","Friday"
"2015-08-22","3,631","18,496",8.13,62,"996",311,82,51,"2,294","Saturday"
"2015-08-23","2,876","10,518",4.74,22,"1,174",196,43,27,"1,364","Sunday"
"2015-08-24","2,749","10,987",5.01,38,"1,187",195,18,40,"1,257","Monday"
"2015-08-25","2,871","12,888",5.88,3,"1,140",238,15,47,"1,438","Tuesday"
"2015-08-26","2,491","8,864",4.02,8,"1,259",159,6,16,"892","Wednesday"
"2015-08-27","2,772","11,601",5.01,15,"1,183",165,39,53,"1,273","Thursday"
"2015-08-28","2,858","12,034",5.46,10,"1,161",240,18,21,"1,354","Friday"
"2015-08-29","2,457","6,170",2.78,6,"1,219",221,0,0,"931","Saturday"
"2015-08-30","2,456","8,498",3.67,20,"1,278",88,31,43,"914","Sunday"
"2015-08-31","2,655","8,740",3.75,23,"1,185",245,1,9,"1,167","Monday"
"2015-09-01","2,439","7,153",3,13,"1,266",144,17,13,"855","Tuesday"
"2015-09-02","2,778","11,586",5.25,25,"1,196",189,25,30,"1,252","Wednesday"
"2015-09-03","2,596","8,341",3.45,23,"1,217",214,8,1,"1,035","Thursday"
"2015-09-04","2,959","12,148",5.28,24,"1,159",211,37,33,"1,477","Friday"
"2015-09-05","2,447","3,891",1.76,5,"1,216",224,0,0,"852","Saturday"
"2015-09-06","2,467","5,133",2.19,4,"1,211",216,13,0,"951","Sunday"
"2015-09-07","2,666","10,197",4.48,13,"1,217",157,49,17,"1,167","Monday"
"2015-09-08","2,551","7,389",3.11,20,"1,214",198,15,13,"1,021","Tuesday"
"2015-09-09","2,667","10,186",4.3,25,"1,204",197,20,19,"1,163","Wednesday"
"2015-09-10","2,459","6,736",3.04,8,"1,252",175,1,12,"833","Thursday"
"2015-09-11","2,645","8,886",3.66,9,"1,223",176,20,21,"1,118","Friday"
"2015-09-12","2,820","10,426",4.52,6,"1,140",259,11,30,"1,384","Saturday"
"2015-09-13","2,735","9,389",4.24,17,"1,158",254,13,15,"1,220","Sunday"
"2015-09-14","2,525","8,458",3.82,8,"1,225",201,6,8,"981","Monday"
"2015-09-15","2,344","6,846",3.09,4,"1,280",146,3,11,"745","Tuesday"
"2015-09-16","2,670","9,589",4.05,10,"1,209",184,34,13,"1,141","Wednesday"
"2015-09-17","2,813","11,187",4.68,9,"1,165",247,16,12,"1,335","Thursday"
"2015-09-18","2,715","10,366",4.39,13,"1,203",207,13,17,"1,185","Friday"
"2015-09-19","3,006","10,876",4.91,2,"1,083",322,10,25,"1,634","Saturday"
"2015-09-20","2,545","5,986",2.7,7,"1,179",261,0,0,"1,039","Sunday"
"2015-09-21","2,966","13,689",6.21,17,"1,163",198,42,37,"1,437","Monday"
"2015-09-22","2,858","11,464",5.12,52,"1,181",193,23,43,"1,367","Tuesday"
"2015-09-23","2,881","11,067",4.87,31,"1,183",206,25,26,"1,379","Wednesday"
"2015-09-24","2,896","10,357",4.65,61,"1,188",220,13,19,"1,357","Thursday"
"2015-09-25","2,763","10,386",4.44,33,"1,186",203,25,26,"1,253","Friday"
"2015-09-26","3,067","10,033",4.2,17,"1,078",301,41,20,"1,697","Saturday"
"2015-09-27","2,170","2,199",0.99,3,"1,307",133,0,0,"481","Sunday"
"2015-09-28","2,681","9,384",4.01,21,"1,192",185,38,25,"1,182","Monday"
"2015-09-29","2,197","4,232",1.62,6,"1,293",131,16,0,"618","Tuesday"
"2015-09-30","2,937","11,966",5.22,54,"1,155",209,39,37,"1,481","Wednesday"
"2015-10-01","3,022","12,322",5.14,13,"1,116",275,39,10,"1,575","Thursday"
"2015-10-02","2,844","11,156",4.82,9,"1,176",200,34,30,"1,341","Friday"
"2015-10-03","2,807","12,169",5.5,15,"1,196",185,29,30,"1,238","Saturday"
"2015-10-04","2,246","3,658",1.65,3,"1,268",172,0,0,"648","Sunday"
"2015-10-05","2,962","12,575",5.62,38,"1,152",253,9,26,"1,501","Monday"
"2015-10-06","2,685","9,534",4.05,7,"1,203",206,12,19,"1,137","Tuesday"
"2015-10-07","2,996","13,042",5.89,12,"1,125",255,35,25,"1,547","Wednesday"
"2015-10-08","3,036","13,349",6.03,1,"1,134",261,16,29,"1,559","Thursday"
"2015-10-09","2,741","9,182",4.15,7,"1,179",261,0,0,"1,185","Friday"
"2015-10-10","2,435","3,921",1.77,9,"1,228",212,0,0,"827","Saturday"
"2015-10-11","2,941","9,452",4.27,14,"1,109",285,39,7,"1,550","Sunday"
"2015-10-12","2,992","12,284",5.11,11,"1,119",293,17,11,"1,571","Monday"
"2015-10-13","3,122","15,485",6.97,13,"1,128",202,42,68,"1,697","Tuesday"
"2015-10-14","2,690","9,185",4.02,12,"1,206",198,19,17,"1,177","Wednesday"
"2015-10-15","2,747","10,585",4.54,3,"1,164",254,11,11,"1,276","Thursday"
"2015-10-16","2,895","10,516",4.56,11,"1,115",309,16,0,"1,442","Friday"
"2015-10-17","2,694","9,218",4.18,14,"1,197",186,26,31,"1,178","Saturday"
"2015-10-18","2,458","6,646",3,14,"1,229",189,10,12,"932","Sunday"
"2015-10-19","2,617","8,439",3.46,10,"1,208",204,17,11,"1,105","Monday"
"2015-10-20","2,684","9,256",3.98,7,"1,206",208,14,12,"1,141","Tuesday"
"2015-10-21","2,655","8,453",3.38,10,"1,205",203,26,6,"1,122","Wednesday"
"2015-10-22","2,684","8,970",3.73,6,"1,196",208,27,9,"1,116","Thursday"
"2015-10-23","2,955","10,742",4.87,6,"1,118",313,3,6,"1,451","Friday"
"2015-10-24","2,657","10,007",4.35,12,"1,229",129,44,38,"1,141","Saturday"
"2015-10-25","2,029","2,931",1.32,1,"1,343",90,7,0,"404","Sunday"
"2015-10-26","2,655","9,482",3.99,11,"1,189",240,2,9,"1,177","Monday"
"2015-10-27","2,680","8,819",3.68,15,"1,195",205,35,5,"1,195","Tuesday"
"2015-10-28","2,750","10,673",4.66,10,"1,187",207,19,27,"1,254","Wednesday"
"2015-10-29","2,665","9,526",4.33,12,"1,187",253,0,0,"1,180","Thursday"
"2015-10-30","2,954","12,918",5.53,10,"1,144",242,32,22,"1,500","Friday"
"2015-10-31","3,089","10,303",4.4,15,"1,055",339,32,14,"1,751","Saturday"
"2015-11-01","1,783","16",0.01,0,"1,440",0,0,0,"0","Sunday"
"2015-11-02","2,038","2,454",0.73,7,"1,354",76,10,0,"423","Monday"
"2015-11-03","1,710","0",0,0,"1,440",0,0,0,"0","Tuesday"
"2015-11-04","2,093","2,473",0.87,3,"1,354",44,31,11,"469","Wednesday"
"2015-11-05","1,717","0",0,0,"1,440",0,0,0,"0","Thursday"
"2015-11-06","1,997","2,159",0.74,2,"1,370",60,10,0,"354","Friday"
"2015-11-07","1,719","0",0,0,"1,440",0,0,0,"0","Saturday"
"2015-11-08","2,269","4,001",1.67,4,"1,302",115,15,8,"645","Sunday"
"2015-11-09","2,159","2,458",0.91,28,"1,338",67,28,7,"540","Monday"
"2015-11-10","2,125","2,413",0.76,17,"1,352",44,33,11,"496","Tuesday"
"2015-11-11","1,722","0",0,0,"1,440",0,0,0,"0","Wednesday"
"2015-11-12","2,414","6,879",3.06,35,"1,302",96,12,30,"848","Thursday"
"2015-11-13","1,721","0",0,0,"1,440",0,0,0,"0","Friday"
"2015-11-14","2,239","4,908",2.21,40,"1,339",53,25,23,"626","Saturday"
"2015-11-15","1,883","1,264",0.49,10,"1,399",41,0,0,"213","Sunday"
"2015-11-16","1,718","0",0,0,"1,440",0,0,0,"0","Monday"
"2015-11-17","2,021","2,829",0.89,5,"1,358",65,15,2,"393","Tuesday"
"2015-11-18","2,007","2,017",0.67,6,"1,353",87,0,0,"383","Wednesday"
"2015-11-19","2,278","4,882",1.76,8,"1,288",114,33,5,"718","Thursday"
"2015-11-20","2,560","9,244",3.88,18,"1,221",198,19,2,"1,085","Friday"
"2015-11-21","1,730","0",0,0,"1,440",0,0,0,"0","Saturday"
"2015-11-22","1,733","0",0,0,"1,440",0,0,0,"0","Sunday"
"2015-11-23","1,734","0",0,0,"1,440",0,0,0,"0","Monday"
"2015-11-24","2,366","5,307",2.52,9,"1,204",118,4,4,"742","Tuesday"
"2015-11-25","1,736","0",0,0,"1,440",0,0,0,"0","Wednesday"
"2015-11-26","1,738","0",0,0,"1,440",0,0,0,"0","Thursday"
"2015-11-27","1,743","0",0,0,"1,439",1,0,0,"5","Friday"
"2015-11-28","2,291","4,742",2.14,7,"1,272",68,6,5,"433","Saturday"
"2015-11-29","2,053","2,391",0.99,4,"1,361",79,0,0,"384","Sunday"
"2015-11-30","2,097","2,590",0.85,9,"1,349",69,21,1,"463","Monday"
"2015-12-01","2,461","7,614",3.42,33,"1,311",73,27,29,NA,"Tuesday"
"2015-12-02","2,123","2,485",0.83,30,"1,351",79,5,5,NA,"Wednesday"
"2015-12-03","1,738","0",0,0,"1,440",0,0,0,"0","Thursday"
"2015-12-04","2,037","2,044",0.66,4,"1,359",81,0,0,"384","Friday"
"2015-12-05","1,738","0",0,0,"1,440",0,0,0,"0","Saturday"
"2015-12-06","1,738","0",0,0,"1,440",0,0,0,"0","Sunday"
"2015-12-07","2,120","2,943",0.9,9,"1,344",73,21,2,NA,"Monday"
"2015-12-08","2,037","2,252",0.71,4,"1,361",68,10,1,NA,"Tuesday"
"2015-12-09","1,740","7",0,0,"1,439",1,0,0,"3","Wednesday"
"2015-12-10","2,053","2,119",0.69,3,"1,352",81,7,0,NA,"Thursday"
"2015-12-11","1,905","1,035",0.47,4,"1,410",30,0,0,NA,"Friday"
"2015-12-12","1,738","0",0,0,"1,440",0,0,0,"0","Saturday"
"2015-12-13","1,738","0",0,0,"1,440",0,0,0,"0","Sunday"
"2015-12-14","1,738","0",0,0,"1,440",0,0,0,"0","Monday"
"2015-12-15","2,003","2,677",1.1,12,"1,385",32,13,10,NA,"Tuesday"
"2015-12-16","1,919","2,434",1.1,0,"1,395",22,21,2,"232","Wednesday"
"2015-12-17","1,738","0",0,0,"1,440",0,0,0,"0","Thursday"
"2015-12-18","1,738","0",0,0,"1,440",0,0,0,"0","Friday"
"2015-12-19","1,738","0",0,0,"1,440",0,0,0,"0","Saturday"
"2015-12-20","1,738","0",0,0,"1,440",0,0,0,"0","Sunday"
"2015-12-21","2,267","5,487",2.7,35,"1,363",44,2,31,NA,"Monday"
"2015-12-22","1,738","0",0,0,"1,440",0,0,0,"0","Tuesday"
"2015-12-23","1,739","0",0,0,"1,440",0,0,0,"0","Wednesday"
"2015-12-24","1,738","0",0,0,"1,440",0,0,0,"0","Thursday"
"2015-12-25","1,739","0",0,0,"1,440",0,0,0,"0","Friday"
"2015-12-26","1,738","0",0,0,"1,440",0,0,0,"0","Saturday"
"2015-12-27","1,739","0",0,0,"1,440",0,0,0,"0","Sunday"
"2015-12-28","1,738","0",0,0,"1,440",0,0,0,"0","Monday"
"2015-12-29","1,944","1,740",0.79,6,"1,387",53,0,0,NA,"Tuesday"
"2015-12-30","2,119","2,034",0.82,4,"1,367",73,0,0,NA,"Wednesday"
"2015-12-31","1,822","486",0.22,3,"1,422",18,0,0,NA,"Thursday"
"2016-01-01","1,739","0",0,0,"1,440",0,0,0,"0","Friday"
"2016-01-02","1,740","0",0,0,"1,440",0,0,0,"0","Saturday"
"2016-01-03","1,754","26",0.01,0,"1,436",4,0,0,NA,"Sunday"
"2016-01-04","2,388","6,127",2.79,34,"1,323",83,3,31,NA,"Monday"
"2016-01-05","2,537","7,466",3.34,66,"1,314",50,31,45,NA,"Tuesday"
"2016-01-06","2,201","3,803",1.67,26,"1,363",42,12,23,NA,"Wednesday"
"2016-01-07","1,998","1,820",0.62,1,"1,371",59,10,0,NA,"Thursday"
"2016-01-08","1,821","965",0.44,6,"1,429",11,0,0,NA,"Friday"
"2016-01-09","1,726","0",0,0,"1,440",0,0,0,"0","Saturday"
"2016-01-10","1,727","0",0,0,"1,440",0,0,0,"0","Sunday"
"2016-01-11","2,375","6,341",2.94,59,"1,331",54,18,37,NA,"Monday"
"2016-01-12","2,385","6,423",2.99,55,"1,331",70,5,34,NA,"Tuesday"
"2016-01-13","2,473","7,019",3.19,55,"1,283",112,19,26,"910","Wednesday"
"2016-01-14","1,729","0",0,0,"1,440",0,0,0,"0","Thursday"
"2016-01-15","1,729","0",0,0,"1,440",0,0,0,"0","Friday"
"2016-01-16","1,770","352",0.16,0,"1,422",18,0,0,NA,"Saturday"
"2016-01-17","1,729","0",0,0,"1,440",0,0,0,"0","Sunday"
"2016-01-18","2,273","4,922",1.95,40,"1,332",72,14,22,NA,"Monday"
"2016-01-19","2,283","4,539",1.86,30,"1,339",40,27,34,NA,"Tuesday"
"2016-01-20","1,873","1,031",0.42,9,"1,413",27,0,0,NA,"Wednesday"
"2016-01-21","2,431","6,325",2.95,44,"1,318",59,29,34,NA,"Thursday"
"2016-01-22","1,935","861",0.4,4,"1,408",32,0,0,NA,"Friday"
"2016-01-23","1,727","0",0,0,"1,440",0,0,0,"0","Saturday"
"2016-01-24","1,732","0",0,0,"1,440",0,0,0,"0","Sunday"
"2016-01-25","1,729","0",0,0,"1,440",0,0,0,"0","Monday"
"2016-01-26","1,748","221",0.1,0,"1,431",9,0,0,NA,"Tuesday"
"2016-01-27","2,251","4,552",1.96,37,"1,346",62,10,22,NA,"Wednesday"
"2016-01-28","2,319","5,928",2.78,34,"1,336",73,2,29,NA,"Thursday"
"2016-01-29","1,726","0",0,0,"1,440",0,0,0,"0","Friday"
"2016-01-30","1,726","0",0,0,"1,440",0,0,0,"0","Saturday"
"2016-01-31","1,726","0",0,0,"1,440",0,0,0,"0","Sunday"
"2016-02-01","1,740","80",0.04,0,"1,437",3,0,0,NA,"Monday"
"2016-02-02","2,002","1,877",0.69,3,"1,379",44,14,3,NA,"Tuesday"
"2016-02-03","1,928","1,445",0.65,6,"1,400",40,0,0,NA,"Wednesday"
"2016-02-04","2,240","5,398",2.65,47,"1,364",35,4,37,NA,"Thursday"
"2016-02-05","1,845","1,171",0.53,4,"1,421",19,0,0,NA,"Friday"
"2016-02-06","1,860","703",0.32,1,"1,415",25,0,0,NA,"Saturday"
"2016-02-07","1,724","0",0,0,"1,440",0,0,0,"0","Sunday"
"2016-02-08","1,723","0",0,0,"1,440",0,0,0,"0","Monday"
"2016-02-09","1,720","0",0,0,"1,440",0,0,0,"0","Tuesday"
"2016-02-10","1,720","0",0,0,"1,440",0,0,0,"0","Wednesday"
"2016-02-11","1,718","0",0,0,"1,440",0,0,0,"0","Thursday"
"2016-02-12","1,718","0",0,0,"1,440",0,0,0,"0","Friday"
"2016-02-13","1,716","0",0,0,"1,440",0,0,0,"0","Saturday"
"2016-02-14","1,714","0",0,0,"1,440",0,0,0,"0","Sunday"
"2016-02-15","1,714","0",0,0,"1,440",0,0,0,"0","Monday"
"2016-02-16","1,713","0",0,0,"1,440",0,0,0,"0","Tuesday"
"2016-02-17","1,712","0",0,0,"1,440",0,0,0,"0","Wednesday"
"2016-02-18","1,720","0",0,0,"1,440",0,0,0,"0","Thursday"
"2016-02-19","1,718","0",0,0,"1,440",0,0,0,"0","Friday"
"2016-02-20","1,723","5",0,0,"1,440",0,0,0,"0","Saturday"
"2016-02-21","1,717","0",0,0,"1,440",0,0,0,"0","Sunday"
"2016-02-22","1,721","0",0,0,"1,440",0,0,0,"0","Monday"
"2016-02-23","2,200","3,788",1.33,45,"1,326",87,24,3,NA,"Tuesday"
"2016-02-24","2,261","4,480",1.74,41,"1,329",72,20,19,NA,"Wednesday"
"2016-02-25","2,381","3,760",1.46,48,"1,321",66,36,17,"751","Thursday"
"2016-02-26","1,726","0",0,0,"1,440",0,0,0,"0","Friday"
"2016-02-27","1,726","0",0,0,"1,440",0,0,0,"0","Saturday"
"2016-02-28","1,726","0",0,0,"1,440",0,0,0,"0","Sunday"
"2016-02-29","2,190","4,983",2.39,39,"1,360",50,4,26,NA,"Monday"
"2016-03-01","1,726","0",0,0,"1,440",0,0,0,"0","Tuesday"
"2016-03-02","2,305","4,421",1.79,40,"1,322",72,28,18,NA,"Wednesday"
"2016-03-03","2,065","2,534",0.85,12,"1,352",73,13,2,NA,"Thursday"
"2016-03-04","1,720","0",0,0,"1,440",0,0,0,"0","Friday"
"2016-03-05","1,720","0",0,0,"1,440",0,0,0,"0","Saturday"
"2016-03-06","1,720","0",0,0,"1,440",0,0,0,"0","Sunday"
"2016-03-07","2,064","2,461",0.92,16,"1,364",62,14,0,NA,"Monday"
"2016-03-08","2,166","3,576",1.39,31,"1,338",72,27,3,NA,"Tuesday"
"2016-03-09","1,736","0",0,0,"1,440",0,0,0,"0","Wednesday"
"2016-03-10","2,401","6,412",2.95,62,"1,328",36,30,46,NA,"Thursday"
"2016-03-11","1,738","0",0,0,"1,440",0,0,0,"0","Friday"
"2016-03-12","1,742","8",0,0,"1,439",1,0,0,"3","Saturday"
"2016-03-13","1,739","7",0,0,"1,440",0,0,0,"0","Sunday"
"2016-03-14","1,740","0",0,0,"1,440",0,0,0,"0","Monday"
"2016-03-15","1,740","0",0,0,"1,440",0,0,0,"0","Tuesday"
"2016-03-16","1,741","0",0,0,"1,440",0,0,0,"0","Wednesday"
"2016-03-17","1,740","0",0,0,"1,440",0,0,0,"0","Thursday"
"2016-03-18","1,740","0",0,0,"1,440",0,0,0,"0","Friday"
"2016-03-19","2,240","4,584",1.95,35,"1,340",58,18,24,NA,"Saturday"
"2016-03-20","1,740","0",0,0,"1,440",0,0,0,"0","Sunday"
"2016-03-21","2,095","3,125",1.45,30,"1,378",36,9,17,NA,"Monday"
"2016-03-22","2,016","2,277",0.74,6,"1,371",50,19,0,NA,"Tuesday"
"2016-03-23","2,232","4,435",2.12,52,"1,365",30,10,35,NA,"Wednesday"
"2016-03-24","2,243","5,082",2.46,53,"1,366",19,21,34,NA,"Thursday"
"2016-03-25","1,739","0",0,0,"1,440",0,0,0,"0","Friday"
"2016-03-26","1,735","0",0,0,"1,440",0,0,0,"0","Saturday"
"2016-03-27","1,931","1,772",0.8,1,"1,385",47,7,1,NA,"Sunday"
"2016-03-28","2,033","1,915",0.6,1,"1,365",52,21,2,NA,"Monday"
"2016-03-29","2,172","3,770",1.63,35,"1,367",27,22,24,NA,"Tuesday"
"2016-03-30","2,035","2,590",0.89,2,"1,372",53,10,5,NA,"Wednesday"
"2016-03-31","2,042","2,489",0.8,2,"1,362",56,22,0,NA,"Thursday"
"2016-04-01","1,735","0",0,0,"1,440",0,0,0,"0","Friday"
"2016-04-02","1,738","0",0,0,"1,440",0,0,0,"0","Saturday"
"2016-04-03","1,739","0",0,0,"1,440",0,0,0,"0","Sunday"
"2016-04-04","2,128","3,034",1.29,45,"1,371",45,9,15,"457","Monday"
"2016-04-05","3,057","12,885",5.82,36,"1,159",210,32,39,"1,586","Tuesday"
"2016-04-06","2,886","12,105",5.78,42,"1,200",183,17,40,"1,353","Wednesday"
"2016-04-07","2,007","2,402",0.83,2,"1,372",57,10,1,"341","Thursday"
"2016-04-08","1,735","0",0,0,"1,440",0,0,0,"0","Friday"
"2016-04-09","1,740","0",0,0,"1,440",0,0,0,"0","Saturday"
"2016-04-10","1,740","0",0,0,"1,440",0,0,0,"0","Sunday"
"2016-04-11","2,041","2,735",0.88,6,"1,363",57,18,2,"385","Monday"
"2016-04-12","2,151","2,581",0.99,3,"1,353",63,21,3,"449","Tuesday"
"2016-04-13","2,047","2,328",0.76,17,"1,365",47,20,8,"393","Wednesday"
"2016-04-14","2,248","3,537",1.87,37,"1,350",28,34,28,"616","Thursday"
"2016-04-15","1,735","0",0,0,"1,440",0,0,0,"0","Friday"
"2016-04-16","1,738","0",0,0,"1,440",0,0,0,"0","Saturday"
"2016-04-17","2,147","2,823",1.28,20,"1,346",80,13,1,"492","Sunday"
"2016-04-18","3,073","12,703",6.34,122,"1,198",130,46,66,"1,553","Monday"
"2016-04-19","2,835","10,218",4.34,42,"1,186",187,41,26,"1,326","Tuesday"
"2016-04-20","3,853","17,966",8.05,245,"1,022",245,95,78,"2,483","Wednesday"
"2016-04-21","3,106","11,801",5.34,39,"1,114",258,48,20,"1,660","Thursday"
"2016-04-22","3,203","14,145",6.42,111,"1,108",256,43,33,"1,782","Friday"
"2016-04-23","2,838","13,147",7.39,133,"1,333",28,3,76,"1,098","Saturday"
"2016-04-24","1,752","0",0,0,"1,440",0,0,0,"0","Sunday"
"2016-04-25","2,911","10,593",4.49,6,"1,122",270,35,13,"1,467","Monday"
"2016-04-26","2,021","2,143",0.74,0,"1,370",70,0,0,"337","Tuesday"
"2016-04-27","3,063","13,529",6.19,58,"1,164",180,44,52,"1,562","Wednesday"
"2016-04-28","2,037","1,847",0.65,24,"1,372",56,7,5,"354","Thursday"
"2016-04-29","2,846","10,451",4.76,8,"1,186",219,9,26,"1,220","Friday"
"2016-04-30","2,083","2,307",1.04,4,"1,340",100,0,0,"419","Saturday"
"2016-05-01","2,963","10,747",4.85,67,"1,147",250,30,13,"1,490","Sunday"
"2016-05-02","3,363","13,850",6.26,48,"1,081",294,25,40,"1,822","Monday"
"2016-05-03","3,290","14,462",6.2,27,"1,097",242,79,22,"1,824","Tuesday"
"2016-05-04","2,601","6,456",2.62,45,"1,252",146,26,16,"1,038","Wednesday"
"2016-05-05","3,344","14,127",6.38,102,"1,087",253,70,30,"1,897","Thursday"
"2016-05-06","3,751","18,138",8.2,123,"1,004",313,82,41,"2,400","Friday"
"2016-05-07","3,500","14,233",6.43,204,"1,033",303,65,39,"2,168","Saturday"
"2016-05-08","3,650","19,007",8.59,110,"967",388,49,36,"2,393","Sunday"
"2016-05-09","2,841","10,797",4.82,35,"1,203",176,28,33,"1,300","Monday"
"2016-05-10","1,763","0",0,0,"1,440",0,0,0,"0","Tuesday"
"2016-05-11","3,129","9,620",4.11,114,"1,133",233,54,20,"1,702","Wednesday"
"2016-05-12","1,768","51",0.02,0,"1,439",1,0,0,"3","Thursday"
"2016-05-13","2,345","2,634",1.19,17,"1,322",110,3,5,"657","Friday"
"2016-05-14","1,776","155",0.07,0,"1,436",4,0,0,"17","Saturday"
"2016-05-15","5,285","31,161",16.26,600,"1,086",205,30,119,"2,555","Sunday"
"2016-05-16","2,680","8,215",3.73,14,"1,236",192,3,9,"1,028","Monday"
"2016-05-17","3,567","19,024",9.6,105,"1,123",184,42,91,"2,100","Tuesday"
"2016-05-18","3,298","15,852",7.17,49,"1,092",272,25,51,"1,837","Wednesday"
"2016-05-19","2,801","11,101",5.06,61,"1,219",185,10,26,"1,214","Thursday"
"2016-05-20","2,778","10,254",4.63,11,"1,203",227,3,7,"1,149","Friday"
"2016-05-21","3,330","12,692",5.74,31,"1,054",325,41,20,"1,911","Saturday"
"2016-05-22","2,599","8,185",3.7,31,"1,244",196,0,0,"973","Sunday"
"2016-05-23","3,019","12,972",6.06,118,"1,174",205,24,37,"1,520","Monday"
"2016-05-24","3,127","12,289",5.76,109,"1,163",218,20,39,"1,594","Tuesday"
"2016-05-25","3,231","11,198",5.06,49,"1,064",366,5,5,"1,793","Wednesday"
"2016-05-26","2,512","5,206",2.35,96,"1,282",114,31,13,"895","Thursday"
"2016-05-27","2,127","2,474",0.87,36,"1,354",58,21,7,"453","Friday"
"2016-05-28","2,483","7,031",3.18,10,"1,251",164,7,18,"897","Saturday"
"2016-05-29","3,496","14,413",4.55,328,"1,139",154,54,93,"2,077","Sunday"
"2016-05-30","3,129","17,399",8.17,233,"1,251",40,36,113,"1,586","Monday"
"2016-05-31","2,795","11,303",4.92,20,"1,195",206,20,19,"1,267","Tuesday"
"2016-06-01","3,442","17,107",8.34,145,"1,187",170,35,48,"1,601","Wednesday"
"2016-06-02","3,177","14,151",6.71,114,"1,166",195,28,51,"1,640","Thursday"
"2016-06-03","3,012","11,778",5.15,32,"1,127",250,36,27,"1,533","Friday"
"2016-06-04","2,492","4,375",1.98,4,"1,239",201,0,0,"829","Saturday"
"2016-06-05","3,983","19,191",8.85,303,"1,008",287,49,96,"2,663","Sunday"
"2016-06-06","3,264","14,148",6.15,65,"1,056",343,17,24,"1,913","Monday"
"2016-06-07","2,800","10,137",4.43,18,"1,197",212,22,9,"1,243","Tuesday"
"2016-06-08","2,883","9,841",4.27,14,"1,157",254,18,11,"1,405","Wednesday"
"2016-06-09","3,234","13,001",5.39,20,"1,123",222,44,51,"1,778","Thursday"
"2016-06-10","2,984","13,232",5.53,13,"1,148",211,42,39,"1,515","Friday"
"2016-06-11","2,761","10,972",4.57,21,"1,213",166,34,27,"1,253","Saturday"
"2016-06-12","3,001","12,816",5.79,45,"1,223",116,27,74,"1,438","Sunday"
"2016-06-13","3,122","11,429",4.68,10,"1,145",179,55,61,"1,644","Monday"
"2016-06-14","2,848","8,660",3.44,6,"1,160",248,14,18,"1,310","Tuesday"
"2016-06-15","2,849","10,064",4.17,11,"1,184",216,20,20,"1,319","Wednesday"
"2016-06-16","3,517","18,065",7.64,24,"1,085",192,65,98,"2,070","Thursday"
"2016-06-17","3,033","11,297",4.54,27,"1,146",207,52,35,"1,554","Friday"
"2016-06-18","3,263","14,411",6.04,26,"1,097",259,37,47,"1,796","Saturday"
"2016-06-19","2,749","9,434",3.83,18,"1,202",205,17,16,"1,186","Sunday"
"2016-06-20","2,902","11,563",4.84,25,"1,197",184,37,22,"1,365","Monday"
"2016-06-21","3,479","17,004",7.6,24,"1,113",203,34,90,"2,009","Tuesday"
"2016-06-22","3,330","16,334",7.7,45,"1,137",205,29,69,"1,838","Wednesday"
"2016-06-23","2,483","7,823",3.26,7,"1,263",141,11,25,"871","Thursday"
"2016-06-24","2,987","13,112",5.57,19,"1,167",228,17,28,"1,497","Friday"
"2016-06-25","3,218","9,418",3.64,28,"1,079",307,30,24,"1,760","Saturday"
"2016-06-26","3,273","15,050",7.77,107,"1,164",154,59,63,"1,802","Sunday"
"2016-06-27","2,903","10,304",4.15,14,"1,160",247,22,11,"1,388","Monday"
"2016-06-28","3,005","12,416",5.13,13,"1,130",256,24,30,"1,556","Tuesday"
"2016-06-29","2,964","15,548",6.77,20,"1,189",153,31,67,"1,458","Wednesday"
"2016-06-30","3,445","21,180",9.29,16,"1,121",183,27,109,"1,926","Thursday"
"2016-07-01","3,218","17,733",7.58,19,"1,119",218,46,57,"1,779","Friday"
"2016-07-02","3,819","24,317",10.3,32,"968",330,67,75,"2,542","Saturday"
"2016-07-03","3,869","28,954",12.63,36,"1,020",192,104,124,"2,555","Sunday"
"2016-07-04","2,689","9,082",3.78,14,"1,218",178,19,25,"1,104","Monday"
"2016-07-05","2,740","10,903",4.52,13,"1,201",209,13,17,"1,220","Tuesday"
"2016-07-06","2,989","11,726",4.93,18,"1,167",203,40,30,"1,486","Wednesday"
"2016-07-07","2,511","7,426",3.24,15,"1,271",119,39,11,"930","Thursday"
"2016-07-08","3,204","19,516",8.47,24,"1,149",156,59,76,"1,704","Friday"
"2016-07-09","3,067","14,583",6.17,12,"1,138",191,47,64,"1,546","Saturday"
"2016-07-10","3,364","19,076",8.24,26,"1,111",189,76,64,"1,924","Sunday"
"2016-07-11","3,487","17,192",7.48,40,"1,105",229,50,56,"2,024","Monday"
"2016-07-12","2,899","11,575",4.88,20,"1,196",189,19,36,"1,342","Tuesday"
"2016-07-13","2,954","11,533",4.8,10,"1,178",178,42,42,"1,414","Wednesday"
"2016-07-14","2,896","13,711",5.95,14,"1,195",189,18,38,"1,357","Thursday"
"2016-07-15","2,757","8,374",3.48,12,"1,213",211,10,6,"1,160","Friday"
"2016-07-16","2,816","10,345",4.33,17,"1,196",193,20,31,"1,286","Saturday"
"2016-07-17","3,353","14,150",5.69,38,"1,068",224,103,45,"2,018","Sunday"
"2016-07-18","2,763","12,579",5.38,14,"1,216",156,22,46,"1,223","Monday"
"2016-07-19","2,738","10,344",4.2,10,"1,191",215,20,14,"1,230","Tuesday"
"2016-07-20","3,725","18,583",9.31,42,"1,110",200,34,96,"2,286","Wednesday"
"2016-07-21","2,463","8,070",3.38,3,"1,263",144,13,20,"878","Thursday"
"2016-07-22","3,030","11,851",4.91,7,"1,129",263,19,29,"1,517","Friday"
"2016-07-23","2,909","9,495",3.94,13,"1,187",188,28,37,"1,283","Saturday"
"2016-07-24","3,009","11,118",4.32,55,"1,149",188,66,37,"1,563","Sunday"
"2016-07-25","2,894","12,013",5.01,13,"1,194",171,26,49,"1,373","Monday"
"2016-07-26","2,551","7,440",3.08,15,"1,258",138,26,18,"963","Tuesday"
"2016-07-27","3,111","13,031",5.45,8,"1,119",245,41,35,"1,649","Wednesday"
"2016-07-28","2,868","10,865",4.52,8,"1,171",213,24,32,"1,366","Thursday"
"2016-07-29","2,944","11,523",4.91,18,"1,186",204,15,35,"1,378","Friday"
"2016-07-30","1,751","888",0.4,10,"1,440",0,0,0,"0","Saturday"
"2016-07-31","1,752","3,935",1.54,5,"1,440",0,0,0,"0","Sunday"
"2016-08-01","1,900","1,378",0.62,20,"1,415",25,0,0,"150","Monday"
"2016-08-02","1,947","10,048",4.12,16,"1,398",33,5,4,"242","Tuesday"
"2016-08-03","2,523","7,864",3.24,10,"1,253",176,3,8,"912","Wednesday"
"2016-08-04","2,741","8,475",3.44,12,"1,207",189,12,32,"1,204","Thursday"
"2016-08-05","2,952","14,163",6.17,13,"1,200",151,24,65,"1,392","Friday"
"2016-08-06","2,629","7,895",3.22,19,"1,233",176,24,7,"1,075","Saturday"
"2016-08-07","2,692","8,183",3.24,17,"1,210",165,55,10,"1,184","Sunday"
"2016-08-08","2,942","11,821",4.98,17,"1,165",207,35,33,"1,466","Monday"
"2016-08-09","3,080","14,617",6.16,11,"1,165",157,45,73,"1,585","Tuesday"
"2016-08-10","2,460","8,026",3.38,7,"1,272",168,0,0,"846","Wednesday"
"2016-08-11","2,899","11,768",4.93,12,"1,169",220,18,33,"1,399","Thursday"
"2016-08-12","2,724","9,691",3.96,4,"1,205",191,14,30,"1,177","Friday"
"2016-08-13","2,393","5,039",1.98,10,"1,276",157,7,0,"771","Saturday"
"2016-08-14","1,892","1,220",0.49,4,"1,404",36,0,0,"167","Sunday"
"2016-08-15","2,912","11,456",5.21,20,"1,193",186,15,46,"1,394","Monday"
"2016-08-16","3,224","13,330",5.5,13,"1,098",262,45,35,"1,803","Tuesday"
"2016-08-17","3,017","11,993",5.45,27,"1,195",158,36,51,"1,484","Wednesday"
"2016-08-18","2,793","10,186",4.18,10,"1,181",203,28,28,"1,280","Thursday"
"2016-08-19","2,700","7,934",3.23,18,"1,199",209,12,20,"1,082","Friday"
"2016-08-20","2,589","5,873",2.31,15,"1,212",228,0,0,"982","Saturday"
"2016-08-21","2,507","6,287",2.54,8,"1,250",167,8,15,"863","Sunday"
"2016-08-22","2,852","10,327",4.33,27,"1,204",166,20,50,"1,330","Monday"
"2016-08-23","3,014","11,602",4.78,15,"1,181",191,22,46,"1,477","Tuesday"
"2016-08-24","2,536","7,580",3.15,23,"1,270",146,12,12,"881","Wednesday"
"2016-08-25","2,605","9,026",3.81,6,"1,243",188,5,4,"1,003","Thursday"
"2016-08-26","2,924","11,992",5.06,5,"1,179",204,15,42,"1,367","Friday"
"2016-08-27","2,460","5,468",2.1,11,"1,228",212,0,0,"897","Saturday"
"2016-08-28","2,354","5,279",2.13,12,"1,292",125,13,10,"735","Sunday"
"2016-08-29","3,136","15,946",7.87,30,"1,194",165,9,72,"1,617","Monday"
"2016-08-30","3,212","15,100",7.14,26,"1,149",186,47,58,"1,748","Tuesday"
"2016-08-31","3,173","13,668",6.46,36,"1,166",163,47,64,"1,673","Wednesday"
"2016-09-01","2,935","11,752",4.97,16,"1,164",241,17,18,"1,426","Thursday"
"2016-09-02","3,524","18,813",7.9,35,"1,029",355,30,26,"2,138","Friday"
"2016-09-03","3,285","19,260",8.05,23,"1,087",233,71,49,"1,909","Saturday"
"2016-09-04","2,777","11,318",4.72,19,"1,173",233,12,22,"1,286","Sunday"
"2016-09-05","2,167","4,449",1.85,7,"1,341",79,7,13,"490","Monday"
"2016-09-06","2,390","7,574",3.24,8,"1,282",146,1,11,"782","Tuesday"
"2016-09-07","3,174","14,253",6.48,22,"1,148",213,17,62,"1,697","Wednesday"
"2016-09-08","2,944","12,278",6.4,26,"1,242",126,18,54,"1,337","Thursday"
"2016-09-09","3,161","14,860",7.43,21,"1,189",161,24,66,"1,600","Friday"
"2016-09-10","2,428","4,797",1.86,6,"1,240",200,0,0,"787","Saturday"
"2016-09-11","2,776","10,139",4.28,22,"1,213",159,37,31,"1,190","Sunday"
"2016-09-12","3,010","11,820",5.14,33,"1,166",199,32,43,"1,527","Monday"
"2016-09-13","2,750","11,852",5.32,14,"1,209",185,13,33,"1,232","Tuesday"
"2016-09-14","2,814","12,769",5.9,21,"1,225",153,17,45,"1,257","Wednesday"
"2016-09-15","3,125","13,464",5.87,14,"1,153",206,30,51,"1,629","Thursday"
"2016-09-16","2,695","9,405",3.94,7,"1,189",228,3,20,"1,163","Friday"
"2016-09-17","2,826","9,100",4.61,20,"1,230",147,22,41,"1,260","Saturday"
"2016-09-18","2,187","4,315",1.78,16,"1,337",84,17,2,"547","Sunday"
"2016-09-19","2,983","12,145",5.79,14,"1,198",180,25,37,"1,448","Monday"
"2016-09-20","2,462","6,908",2.87,5,"1,261",167,3,9,"852","Tuesday"
"2016-09-21","2,872","9,522",3.9,14,"1,171",218,17,34,"1,384","Wednesday"
"2016-09-22","3,171","15,103",6.31,13,"1,083",304,19,34,"1,727","Thursday"
"2016-09-23","2,600","9,217",3.97,9,"1,255",151,13,21,"1,005","Friday"
"2016-09-24","2,394","4,472",2.27,17,"1,328",60,16,36,"709","Saturday"
"2016-09-25","2,071","2,065",0.82,3,"1,352",88,0,0,"379","Sunday"
"2016-09-26","2,995","13,236",6.44,32,"1,194",173,18,55,"1,479","Monday"
"2016-09-27","3,002","11,035",4.5,9,"1,119",276,17,28,"1,529","Tuesday"
"2016-09-28","2,943","11,614",5.55,21,"1,189",200,15,36,"1,433","Wednesday"
"2016-09-29","2,572","9,407",3.98,9,"1,260",125,23,32,"950","Thursday"
"2016-09-30","2,721","9,374",3.92,13,"1,218",186,15,21,"1,082","Friday"
"2016-10-01","2,417","6,542",3.69,23,"1,333",67,6,34,"740","Saturday"
"2016-10-02","2,757","9,750",5.05,26,"1,252",153,0,35,"1,143","Sunday"
"2016-10-03","3,321","14,824",7.37,25,"1,152",186,37,65,"1,844","Monday"
"2016-10-04","2,571","7,640",3.21,9,"1,252",158,14,16,"945","Tuesday"
"2016-10-05","2,034","3,772",2.44,17,"1,414",2,0,24,"316","Wednesday"
"2016-10-06","1,746","5,026",2.07,6,"1,440",0,0,0,"0","Thursday"
"2016-10-07","2,489","7,838",3.19,12,"1,242",162,18,18,"891","Friday"
"2016-10-08","2,150","2,509",0.93,4,"1,304",136,0,0,"496","Saturday"
"2016-10-09","2,289","4,340",1.68,13,"1,292",148,0,0,"645","Sunday"
"2016-10-10","2,846","9,336",3.82,11,"1,203",163,30,44,"1,325","Monday"
"2016-10-11","3,063","9,540",3.87,14,"1,172",181,37,50,"1,528","Tuesday"
"2016-10-12","2,498","5,217",2.06,8,"1,247",164,10,19,"913","Wednesday"
"2016-10-13","2,564","8,056",3.43,12,"1,252",146,12,30,"940","Thursday"
"2016-10-14","2,547","6,723",2.85,8,"1,234",176,21,9,"951","Friday"
"2016-10-15","2,142","2,592",1.03,6,"1,331",109,0,0,"427","Saturday"
"2016-10-16","2,860","7,954",3.03,12,"1,172",228,27,13,"1,357","Sunday"
"2016-10-17","2,562","6,647",2.65,13,"1,252",147,17,24,"981","Monday"
"2016-10-18","2,851","8,058",3.43,12,"1,223",147,23,47,"1,289","Tuesday"
"2016-10-19","2,511","5,771",2.33,11,"1,261",179,0,0,"859","Wednesday"
"2016-10-20","2,755","7,423",3.05,11,"1,242",134,16,48,"1,175","Thursday"
"2016-10-21","2,737","6,818",2.8,11,"1,232",144,28,36,"1,151","Friday"
"2016-10-22","1,911","2,999",1.35,2,"1,394",46,0,0,"197","Saturday"
"2016-10-23","2,082","2,926",1.17,3,"1,352",78,7,3,"427","Sunday"
"2016-10-24","2,853","8,083",3.25,18,"1,195",162,28,55,"1,348","Monday"
"2016-10-25","2,317","4,848",1.94,6,"1,289",151,0,0,"664","Tuesday"
"2016-10-26","2,626","7,318",3.11,16,"1,240",152,15,33,"1,068","Wednesday"
"2016-10-27","2,739","8,185",3.34,15,"1,201",199,17,23,"1,205","Thursday"
"2016-10-28","2,756","11,311",4.91,20,"1,212",170,14,44,"1,201","Friday"
"2016-10-29","2,257","3,157",1.16,4,"1,297",143,0,0,"628","Saturday"
"2016-10-30","2,069","3,175",1.3,4,"1,354",86,0,0,"390","Sunday"
"2016-10-31","2,860","9,108",3.77,16,"1,189",167,50,34,"1,354","Monday"
"2016-11-01","2,788","7,786",3.11,12,"1,200",176,28,36,"1,271","Tuesday"
"2016-11-02","2,519","8,059",3.29,12,"1,250",153,16,21,"931","Wednesday"
"2016-11-03","2,588","9,137",3.94,8,"1,240",158,19,23,"1,017","Thursday"
"2016-11-04","2,981","10,970",4.57,12,"1,139",220,35,46,"1,480","Friday"
"2016-11-05","2,161","3,529",1.38,5,"1,343",70,20,7,"503","Saturday"
"2016-11-06","2,361","2,905",1.08,3,"1,290",150,0,0,"590","Sunday"
"2016-11-07","2,929","12,818",5.64,8,"1,210",154,15,61,"1,342","Monday"
"2016-11-08","2,499","9,187",3.97,9,"1,278",118,14,30,"891","Tuesday"
"2016-11-09","2,400","7,003",2.95,6,"1,284",145,5,6,"788","Wednesday"
"2016-11-10","2,334","5,704",2.41,9,"1,295",145,0,0,"691","Thursday"
"2016-11-11","2,162","3,012",1.18,5,"1,318",122,0,0,"470","Friday"
"2016-11-12","2,187","3,769",1.51,8,"1,329",111,0,0,"492","Saturday"
"2016-11-13","2,786","10,063",4.3,24,"1,209",194,18,19,"1,244","Sunday"
"2016-11-14","2,736","8,930",3.67,17,"1,216",185,15,24,"1,161","Monday"
"2016-11-15","2,913","10,897",4.48,10,"1,177",170,52,41,"1,417","Tuesday"
"2016-11-16","2,855","11,561",4.79,32,"1,203",177,22,38,"1,314","Wednesday"
"2016-11-17","2,604","10,014",4.31,21,"1,245",180,7,8,"1,030","Thursday"
"2016-11-18","3,182","12,132",4.99,22,"1,125",252,39,24,"1,674","Friday"
"2016-11-19","3,096","14,742",6.13,21,"1,107",263,35,35,"1,651","Saturday"
"2016-11-20","2,591","7,510",3.35,26,"1,271",145,5,19,"904","Sunday"
"2016-11-21","3,281","17,621",7.44,56,"1,106",250,39,45,"1,830","Monday"
"2016-11-22","3,135","12,908",5.35,25,"1,116",253,30,41,"1,592","Tuesday"
"2016-11-23","3,340","19,322",8.61,35,"1,110",239,15,76,"1,884","Wednesday"
"2016-11-24","2,245","3,111",1.2,3,"1,313",114,5,8,"518","Thursday"
"2016-11-25","3,365","14,430",5.85,11,"1,075",283,43,39,"1,914","Friday"
"2016-11-26","2,760","7,153",2.89,11,"1,248",166,16,10,"919","Saturday"
"2016-11-27","2,644","9,221",4.57,20,"1,308",75,9,48,"1,009","Sunday"
"2016-11-28","2,950","10,826",4.7,29,"1,195",151,38,56,"1,441","Monday"
"2016-11-29","2,851","10,239",4.45,26,"1,221",142,31,46,"1,303","Tuesday"
"2016-11-30","2,532","7,943",3.28,17,"1,250",179,7,4,"936","Wednesday"
"2016-12-01","2,327","6,527",2.77,10,"1,305",135,0,0,"684","Thursday"
"2016-12-02","2,646","8,441",3.54,14,"1,225",191,10,14,"1,023","Friday"
"2016-12-03","2,251","3,724",1.39,7,"1,312",121,3,4,"556","Saturday"
"2016-12-04","2,498","5,921",2.35,12,"1,259",144,28,9,"896","Sunday"
"2016-12-05","2,957","11,099",4.56,23,"1,154",227,28,31,"1,468","Monday"
"2016-12-06","2,840","10,788",4.53,23,"1,195",182,28,35,"1,309","Tuesday"
"2016-12-07","2,835","10,358",4.29,22,"1,199",191,25,25,"1,278","Wednesday"
"2016-12-08","2,525","8,932",3.77,17,"1,271",169,0,0,"890","Thursday"
"2016-12-09","2,590","8,522",3.54,21,"1,239",182,7,12,"967","Friday"
"2016-12-10","2,287","3,203",1.24,7,"1,313",127,0,0,"611","Saturday"
"2016-12-11","2,506","5,734",2.25,12,"1,253",149,22,16,"901","Sunday"
"2016-12-12","3,007","11,882",5.11,21,"1,186",149,40,65,"1,524","Monday"
"2016-12-13","2,640","10,260",4.24,20,"1,237",171,14,18,"1,053","Tuesday"
"2016-12-14","2,778","10,443",4.33,26,"1,209",193,21,17,"1,183","Wednesday"
"2016-12-15","2,962","11,232",4.66,23,"1,203",151,36,50,"1,434","Thursday"
"2016-12-16","2,446","6,855",2.81,16,"1,272",140,16,12,"815","Friday"
"2016-12-17","2,190","2,774",1.08,3,"1,330",96,8,6,"474","Saturday"
"2016-12-18","2,076","1,807",0.71,5,"1,363",77,0,0,"349","Sunday"
"2016-12-19","2,844","11,145",4.87,28,"1,215",202,6,17,"1,274","Monday"
"2016-12-20","2,628","9,227",3.9,26,"1,257",163,6,14,"968","Tuesday"
"2016-12-21","3,037","11,905",5.06,28,"1,167",223,26,24,"1,437","Wednesday"
"2016-12-22","2,434","5,221",2.03,12,"1,255",185,0,0,"794","Thursday"
"2016-12-23","2,546","5,079",1.9,13,"1,208",232,0,0,"942","Friday"
"2016-12-24","2,570","5,350",2.03,12,"1,217",223,0,0,"948","Saturday"
"2016-12-25","2,434","4,389",1.61,6,"1,222",218,0,0,"844","Sunday"
"2016-12-26","2,733","7,196",2.82,17,"1,202",169,63,6,"1,154","Monday"
"2016-12-27","1,820","778",0.3,3,"1,420",20,0,0,"91","Tuesday"
"2016-12-28","1,893","1,081",0.42,1,"1,406",34,0,0,"175","Wednesday"
"2016-12-29","2,521","5,599",2.08,10,"1,222",210,7,1,"883","Thursday"
"2016-12-30","2,335","4,215",1.63,8,"1,261",179,0,0,"695","Friday"
"2016-12-31","3,025","8,813",3.54,16,"1,112",296,11,21,"1,519","Saturday"
"2017-01-01","3,372","13,976",5.91,19,"1,098",245,61,36,"1,853","Sunday"
"2017-01-02","2,699","6,106",2.45,10,"1,259",150,24,7,"897","Monday"
"2017-01-03","3,316","15,393",6.64,27,"1,162",167,42,69,"1,791","Tuesday"
"2017-01-04","2,732","10,333",4.42,24,"1,243",179,3,15,"1,110","Wednesday"
"2017-01-05","3,037","13,910",5.93,24,"1,171",201,16,52,"1,467","Thursday"
"2017-01-06","2,476","4,983",1.94,14,"1,257",183,0,0,"785","Friday"
"2017-01-07","2,784","6,179",2.35,17,"1,182",258,0,0,"1,206","Saturday"
"2017-01-08","2,683","5,004",1.95,21,"1,231",209,0,0,"1,005","Sunday"
"2017-01-09","3,498","17,440",7.46,26,"1,129",162,43,106,"2,026","Monday"
"2017-01-10","3,506","16,245",7.09,25,"1,132",172,36,100,"2,014","Tuesday"
"2017-01-11","2,956","11,274",4.8,22,"1,215",157,28,40,"1,367","Wednesday"
"2017-01-12","3,463","18,226",8.16,40,"1,148",158,34,100,"1,974","Thursday"
"2017-01-13","2,821","11,390",4.81,18,"1,210",203,7,20,"1,213","Friday"
"2017-01-14","2,186","2,046",0.78,4,"1,342",98,0,0,"432","Saturday"
"2017-01-15","2,593","4,879",1.89,6,"1,232",208,0,0,"942","Sunday"
"2017-01-16","3,613","16,851",7.45,42,"1,134",166,33,107,"2,152","Monday"
"2017-01-17","3,720","19,008",8.46,39,"1,129",130,43,138,"2,237","Tuesday"
"2017-01-18","3,209","12,504",5.25,19,"1,162",169,54,55,"1,682","Wednesday"
"2017-01-19","3,669","20,198",9.09,36,"1,130",127,55,128,"2,206","Thursday"
"2017-01-20","3,028","14,145",6.11,30,"1,202",130,32,76,"1,474","Friday"
"2017-01-21","2,343","3,030",1.17,2,"1,281",159,0,0,"615","Saturday"
"2017-01-22","2,637","6,581",2.63,12,"1,253",129,37,21,"1,033","Sunday"
"2017-01-23","3,567","19,014",8.39,38,"1,141",143,30,126,"2,093","Monday"
"2017-01-24","3,619","19,348",8.51,31,"1,128",146,41,125,"2,178","Tuesday"
"2017-01-25","3,578","18,186",7.84,25,"1,116",143,60,121,"2,140","Wednesday"
"2017-01-26","3,377","16,271",7.15,20,"1,145",179,42,74,"1,883","Thursday"
"2017-01-27","2,877","13,005",5.55,28,"1,219",149,39,33,"1,306","Friday"
"2017-01-28","2,310","4,490",1.85,9,"1,313",110,12,5,"604","Saturday"
"2017-01-29","2,252","4,012",1.6,10,"1,324",99,13,4,"584","Sunday"
"2017-01-30","3,512","18,258",7.97,24,"1,133",155,42,110,"2,049","Monday"
"2017-01-31","3,544","18,412",8.14,32,"1,123",158,46,113,"2,094","Tuesday"
"2017-02-01","2,857","10,239",4.31,22,"1,216",171,18,35,"1,273","Wednesday"
"2017-02-02","2,947","11,004",4.61,24,"1,212",141,42,45,"1,382","Thursday"
"2017-02-03","2,744","8,746",3.68,13,"1,237",172,10,21,"1,065","Friday"
"2017-02-04","2,216","3,653",1.5,8,"1,356",64,11,9,"451","Saturday"
"2017-02-05","2,295","3,005",1.15,7,"1,302",138,0,0,"574","Sunday"
"2017-02-06","3,274","13,518",5.96,23,"1,176",148,36,80,"1,766","Monday"
"2017-02-07","3,102","11,013",4.62,33,"1,191",174,40,35,"1,522","Tuesday"
"2017-02-08","2,779","10,021",4.15,26,"1,230",168,19,23,"1,195","Wednesday"
"2017-02-09","3,078","13,050",5.69,16,"1,204",143,32,61,"1,532","Thursday"
"2017-02-10","3,159","16,027",6.84,32,"1,160",193,31,56,"1,647","Friday"
"2017-02-11","2,430","4,642",1.83,4,"1,274",148,13,5,"774","Saturday"
"2017-02-12","2,799","8,467",3.32,21,"1,169",263,4,4,"1,273","Sunday"
"2017-02-13","2,874","13,620",5.95,37,"1,225",132,24,59,"1,307","Monday"
"2017-02-14","2,768","11,122",4.77,29,"1,210",196,8,26,"1,183","Tuesday"
"2017-02-15","2,872","13,894",6.04,33,"1,222",143,19,56,"1,291","Wednesday"
"2017-02-16","2,854","10,114",4.21,31,"1,212",160,21,47,"1,283","Thursday"
"2017-02-17","2,775","6,170",2.43,9,"1,232",173,23,12,"1,087","Friday"
"2017-02-18","2,909","6,243",2.41,5,"1,148",292,0,0,"1,322","Saturday"
"2017-02-19","2,480","4,642",1.75,13,"1,279",148,10,3,"777","Sunday"
"2017-02-20","2,069","1,625",0.62,4,"1,367",73,0,0,"308","Monday"
"2017-02-21","3,045","12,857",5.62,41,"1,207",136,19,78,"1,499","Tuesday"
"2017-02-22","3,212","14,025",6.09,29,"1,177",160,34,69,"1,685","Wednesday"
"2017-02-23","2,919","12,123",5.22,25,"1,209",153,36,42,"1,339","Thursday"
"2017-02-24","2,859","10,585",4.54,20,"1,228",168,21,23,"1,260","Friday"
"2017-02-25","2,684","6,701",2.68,18,"1,234",197,6,3,"982","Saturday"
"2017-02-26","3,174","12,296",4.94,31,"1,128",260,28,24,"1,660","Sunday"
"2017-02-27","2,800","7,393",2.76,31,"1,132",308,0,0,"1,283","Monday"
"2017-02-28","2,501","5,708",2.23,15,"1,245",187,4,4,"846","Tuesday"
"2017-03-01","2,639","6,965",2.82,38,"1,228",193,7,12,"1,016","Wednesday"
"2017-03-02","2,947","14,339",6.22,36,"1,200",180,28,32,"1,400","Thursday"
"2017-03-03","2,040","2,070",0.91,6,"1,378",52,2,8,"286","Friday"
"2017-03-04","2,417","4,346",1.75,13,"1,287",153,0,0,"713","Saturday"
"2017-03-05","1,787","21",0.01,0,"1,439",1,0,0,"4","Sunday"
"2017-03-06","2,661","10,421",4.48,22,"1,257",138,17,28,"1,029","Monday"
"2017-03-07","2,308","5,043",2.11,23,"1,324",116,0,0,"584","Tuesday"
"2017-03-08","3,258","12,722",5.33,32,"1,159",181,37,63,"1,727","Wednesday"
"2017-03-09","3,401","16,801",7.24,20,"1,153",113,72,102,"1,864","Thursday"
"2017-03-10","1,783","0",0,0,"1,440",0,0,0,"0","Friday"
"2017-03-11","1,776","0",0,0,"1,440",0,0,0,"0","Saturday"
"2017-03-12","2,202","2,811",1.13,11,"1,336",104,0,0,"490","Sunday"
"2017-03-13","3,194","14,477",6.27,22,"1,170",135,64,71,"1,690","Monday"
"2017-03-14","2,990","11,930",5.24,24,"1,215",131,28,66,"1,433","Tuesday"
"2017-03-15","3,298","13,789",6,24,"1,170",130,63,77,"1,771","Wednesday"
"2017-03-16","2,993","10,649",4.62,14,"1,196",162,38,44,"1,439","Thursday"
"2017-03-17","3,154","9,570",3.98,26,"1,154",195,46,45,"1,606","Friday"
"2017-03-18","2,160","2,694",1.05,7,"1,327",113,0,0,"476","Saturday"
"2017-03-19","1,770","0",0,0,"1,440",0,0,0,"0","Sunday"
"2017-03-20","3,444","17,681",7.74,35,"1,123",164,68,85,"2,005","Monday"
"2017-03-21","3,083","13,773",5.94,27,"1,187",157,37,59,"1,543","Tuesday"
"2017-03-22","3,019","12,038",5.15,24,"1,182",174,42,42,"1,485","Wednesday"
"2017-03-23","2,997","11,403",4.65,10,"1,171",201,41,27,"1,494","Thursday"
"2017-03-24","2,718","10,425",4.41,21,"1,231",176,20,13,"1,116","Friday"
"2017-03-25","3,002","8,449",3.29,11,"1,123",298,18,1,"1,460","Saturday"
"2017-03-26","2,401","5,071",2.16,16,"1,306",118,8,8,"695","Sunday"
"2017-03-27","3,324","15,458",6.59,24,"1,146",152,57,85,"1,850","Monday"
"2017-03-28","2,792","6,444",2.69,11,"1,238",124,36,42,"1,194","Tuesday"
"2017-03-29","3,490","17,660",7.8,16,"1,151",133,53,103,"2,003","Wednesday"
"2017-03-30","2,759","4,407",1.69,9,"1,244",122,25,49,"1,150","Thursday"
"2017-03-31","3,415","11,987",4.94,28,"1,084",288,32,36,"1,970","Friday"
"2017-04-01","2,852","7,555",2.99,10,"1,178",262,0,0,"1,180","Saturday"
"2017-04-02","2,447","4,354",1.7,10,"1,267",173,0,0,"767","Sunday"
"2017-04-03","3,256","13,497",5.5,9,"1,103",250,56,31,"1,798","Monday"
"2017-04-04","2,823","12,217",5.24,18,"1,225",164,16,35,"1,233","Tuesday"
"2017-04-05","3,316","14,435",6.09,22,"1,146",168,44,82,"1,830","Wednesday"
"2017-04-06","1,784","0",0,0,"1,440",0,0,0,"0","Thursday"
"2017-04-07","3,045","13,937",6.05,28,"1,201",137,28,74,"1,435","Friday"
"2017-04-08","2,585","6,836",2.9,13,"1,274",131,6,29,"881","Saturday"
"2017-04-09","2,488","5,458",2.19,18,"1,275",142,11,12,"865","Sunday"
"2017-04-10","3,142","12,461",5.38,36,"1,181",171,45,43,"1,612","Monday"
"2017-04-11","3,496","16,755",7.14,29,"1,111",166,79,84,"2,039","Tuesday"
"2017-04-12","3,416","12,818",5.39,25,"1,104",184,82,70,"1,960","Wednesday"
"2017-04-13","3,404","15,549",6.55,44,"1,129",152,71,88,"1,925","Thursday"
"2017-04-14","3,111","13,194",5.52,23,"1,144",253,13,30,"1,581","Friday"
"2017-04-15","2,897","10,403",4.06,22,"1,172",204,61,3,"1,324","Saturday"
"2017-04-16","2,490","5,634",2.29,19,"1,286",132,15,7,"793","Sunday"
"2017-04-17","2,997","14,116",6.09,22,"1,183",187,31,39,"1,436","Monday"
"2017-04-18","3,238","12,885",5.3,25,"1,140",177,78,45,"1,761","Tuesday"
"2017-04-19","3,399","15,156",6.62,28,"1,161",111,52,116,"1,898","Wednesday"
"2017-04-20","2,708","10,694",4.56,14,"1,238",166,19,17,"1,092","Thursday"
"2017-04-21","3,512","16,361",7.2,32,"1,143",150,37,110,"2,033","Friday"
"2017-04-22","2,549","4,270",1.62,4,"1,226",214,0,0,"879","Saturday"
"2017-04-23","2,355","4,910",1.88,9,"1,285",155,0,0,"712","Sunday"
"2017-04-24","3,225","15,080",6.31,28,"1,134",217,56,33,"1,758","Monday"
"2017-04-25","3,583","18,531",8.12,21,"1,125",151,40,124,"2,135","Tuesday"
"2017-04-26","3,337","13,213",5.59,23,"1,142",169,62,67,"1,866","Wednesday"
"2017-04-27","3,419","15,739",6.75,24,"1,152",145,50,93,"1,934","Thursday"
"2017-04-28","3,370","14,236",6.16,30,"1,111",242,33,54,"1,834","Friday"
"2017-04-29","2,498","5,706",2.34,14,"1,262",178,0,0,"849","Saturday"
"2017-04-30","3,200","10,009",3.95,15,"1,171",167,42,60,"1,651","Sunday"
"2017-05-01","3,258","16,668",7.35,25,"1,160",177,32,71,"1,759","Monday"
"2017-05-02","3,861","20,336",8.79,27,"1,082",188,52,118,"2,468","Tuesday"
"2017-05-03","3,400","16,664",7.15,12,"1,155",125,38,122,"1,897","Wednesday"
"2017-05-04","3,417","16,008",6.89,31,"1,143",179,43,75,"1,929","Thursday"
"2017-05-05","2,302","3,854",1.54,10,"1,313",117,2,8,"561","Friday"
"2017-05-06","2,140","4,118",2.23,16,"1,377",49,1,13,"426","Saturday"
"2017-05-07","2,326","4,465",1.78,11,"1,306",113,16,5,"670","Sunday"
"2017-05-08","3,702","19,024",8.09,21,"1,079",179,76,106,"2,301","Monday"
"2017-05-09","3,601","14,438",6.2,27,"1,110",183,42,105,"2,143","Tuesday"
"2017-05-10","3,397","15,158",6.48,26,"1,117",180,59,84,"1,948","Wednesday"
"2017-05-11","3,844","15,223",6.45,21,"1,062",206,69,103,"2,442","Thursday"
"2017-05-12","3,468","20,340",8.77,40,"1,119",165,46,110,"1,989","Friday"
"2017-05-13","2,816","11,512",5.71,26,"1,269",67,32,72,"1,209","Saturday"
"2017-05-14","2,355","4,688",1.86,17,"1,291",149,0,0,"706","Sunday"
"2017-05-15","4,244","17,605",7.65,42,"945",344,76,75,"2,954","Monday"
"2017-05-16","3,396","10,203",4.19,21,"1,089",299,52,0,"1,910","Tuesday"
"2017-05-17","3,235","12,369",5.22,25,"1,127",238,45,30,"1,739","Wednesday"
"2017-05-18","3,005","12,346",5.21,35,"1,170",221,22,27,"1,442","Thursday"
"2017-05-19","2,530","6,098",2.52,8,"1,279",143,5,13,"806","Friday"
"2017-05-20","2,594","6,366",2.6,7,"1,230",210,0,0,"944","Saturday"
"2017-05-21","2,564","6,671",2.7,22,"1,250",170,17,3,"956","Sunday"
"2017-05-22","2,905","12,281",5.26,20,"1,210",175,18,37,"1,298","Monday"
"2017-05-23","2,751","8,991",3.72,19,"1,205",215,10,10,"1,151","Tuesday"
"2017-05-24","3,134","11,335",4.54,25,"1,122",287,14,17,"1,560","Wednesday"
"2017-05-25","3,243","12,698",5.31,26,"1,131",268,5,36,"1,612","Thursday"
"2017-05-26","3,448","17,299",7.3,49,"1,067",303,30,40,"1,979","Friday"
"2017-05-27","3,068","12,467",5.25,22,"1,156",227,19,38,"1,490","Saturday"
"2017-05-28","4,179","29,291",12.71,40,"960",261,80,139,"2,860","Sunday"
"2017-05-29","2,655","8,693",3.67,18,"1,238",184,9,9,"1,038","Monday"
"2017-05-30","3,392","18,677",8.01,27,"1,118",208,38,76,"1,945","Tuesday"
"2017-05-31","3,346","17,849",7.71,28,"1,153",170,33,84,"1,837","Wednesday"
"2017-06-01","4,137","17,475",7.25,28,"1,014",262,52,112,"2,713","Thursday"
"2017-06-02","2,768","9,060",3.84,12,"1,247",152,17,24,"1,062","Friday"
"2017-06-03","2,711","8,578",3.64,9,"1,215",194,5,26,"1,119","Saturday"
"2017-06-04","2,894","8,445",3.53,46,"1,243",112,13,72,"1,323","Sunday"
"2017-06-05","3,116","11,323",4.64,32,"1,156",184,64,36,"1,590","Monday"
"2017-06-06","3,164","12,410",5.28,16,"1,185",141,51,63,"1,622","Tuesday"
"2017-06-07","3,279","13,386",5.65,15,"1,171",155,37,77,"1,754","Wednesday"
"2017-06-08","2,496","13,817",5.83,33,"1,286",128,10,16,"849","Thursday"
"2017-06-09","1,784","7,768",3.19,17,"1,440",0,0,0,"0","Friday"
"2017-06-10","1,784","9,606",3.79,17,"1,440",0,0,0,"0","Saturday"
"2017-06-11","1,784","6,124",2.66,9,"1,440",0,0,0,"0","Sunday"
"2017-06-12","1,784","16,165",6.8,23,"1,440",0,0,0,"0","Monday"
"2017-06-13","1,784","15,585",6.55,35,"1,440",0,0,0,"0","Tuesday"
"2017-06-14","1,784","11,400",4.83,30,"1,440",0,0,0,"0","Wednesday"
"2017-06-15","2,776","11,900",5.01,19,"1,233",167,23,17,"1,111","Thursday"
"2017-06-16","2,791","10,449",4.46,29,"1,239",170,10,21,"1,154","Friday"
"2017-06-17","2,536","6,514",2.67,8,"1,260",159,7,14,"915","Saturday"
"2017-06-18","2,452","6,105",2.63,10,"1,244",169,13,14,"868","Sunday"
"2017-06-19","3,156","11,660",4.9,38,"1,146",213,34,47,"1,646","Monday"
"2017-06-20","2,839","11,710",5.13,20,"1,246",112,29,53,"1,202","Tuesday"
"2017-06-21","2,864","10,462",4.43,22,"1,213",183,18,26,"1,225","Wednesday"
"2017-06-22","2,408","7,039",3.02,15,"1,315",89,10,26,"702","Thursday"
"2017-06-23","2,997","14,355",6.29,21,"1,217",110,28,85,"1,358","Friday"
"2017-06-24","2,055","2,671",1.12,8,"1,383",45,7,5,"304","Saturday"
"2017-06-25","2,813","8,024",3.27,24,"1,199",218,12,11,"1,230","Sunday"
"2017-06-26","3,290","12,144",5.05,18,"1,123",221,55,41,"1,825","Monday"
"2017-06-27","2,580","9,140",3.88,21,"1,262",156,5,17,"953","Tuesday"
"2017-06-28","3,414","12,905",5.35,19,"1,135",158,54,93,"1,944","Wednesday"
"2017-06-29","3,482","14,336",5.89,26,"1,092",256,52,40,"2,008","Thursday"
"2017-06-30","3,379","17,883",7.76,28,"1,125",212,29,74,"1,841","Friday"
"2017-07-01","3,058","13,585",5.74,15,"1,172",170,51,47,"1,488","Saturday"
"2017-07-02","2,258","4,635",1.9,7,"1,318",122,0,0,"578","Sunday"
"2017-07-03","1,928","1,470",0.63,3,"1,409",31,0,0,"167","Monday"
"2017-07-04","2,005","2,220",0.9,4,"1,387",53,0,0,"268","Tuesday"
"2017-07-05","2,862","10,551",4.82,30,"1,266",101,8,65,"1,221","Wednesday"
"2017-07-06","3,262","14,365",6.07,33,"1,123",245,21,51,"1,786","Thursday"
"2017-07-07","3,025","10,145",4.31,10,"1,164",219,23,34,"1,402","Friday"
"2017-07-08","2,285","4,463",1.91,12,"1,335",79,10,16,"607","Saturday"
"2017-07-09","2,178","3,231",1.28,10,"1,336",94,8,2,"510","Sunday"
"2017-07-10","3,347","15,102",6.24,38,"1,147",158,43,92,"1,868","Monday"
"2017-07-11","3,674","16,153",6.84,22,"1,079",234,56,71,"2,240","Tuesday"
"2017-07-12","3,378","13,016",5.37,17,"1,376",33,7,24,"383","Wednesday"
"2017-07-13","2,966","10,483",4.22,23,"1,440",0,0,0,"0","Thursday"
"2017-07-14","2,184","3,132",1.27,8,"1,440",0,0,0,"0","Friday"
"2017-07-15","3,380","8,846",3.57,47,"1,440",0,0,0,"0","Saturday"
"2017-07-16","2,577","5,202",2.03,13,"1,440",0,0,0,"0","Sunday"
"2017-07-17","3,480","16,760",6.97,35,"1,440",0,0,0,"0","Monday"
"2017-07-18","3,451","15,013",6.52,18,"1,440",0,0,0,"0","Tuesday"
"2017-07-19","3,226","12,349",5.19,20,"1,217",125,57,41,"1,451","Wednesday"
"2017-07-20","2,454","6,858",2.91,8,"1,281",139,10,10,"790","Thursday"
"2017-07-21","2,584","7,444",3.1,21,"1,237",179,13,11,"968","Friday"
"2017-07-22","2,286","3,829",1.51,10,"1,316",124,0,0,"619","Saturday"
"2017-07-23","2,506","5,459",2.07,13,"1,247",176,15,2,"884","Sunday"
"2017-07-24","3,180","12,955",5.6,27,"1,164",154,60,62,"1,683","Monday"
"2017-07-25","3,433","16,111",6.86,23,"1,150",124,58,108,"1,959","Tuesday"
"2017-07-26","2,880","10,346",4.38,22,"1,217",148,48,27,"1,293","Wednesday"
"2017-07-27","3,493","14,012",5.93,15,"1,143",153,60,84,"2,031","Thursday"
"2017-07-28","2,104","3,185",1.36,9,"1,371",69,0,0,"388","Friday"
"2017-07-29","3,199","8,795",3.63,71,"1,262",58,20,100,"1,625","Saturday"
"2017-07-30","2,489","4,707",1.82,13,"1,266",164,7,3,"860","Sunday"
"2017-07-31","3,222","15,108",6.7,24,"1,203",136,25,76,"1,677","Monday"
"2017-08-01","3,455","17,811",7.85,43,"1,170",152,28,90,"1,955","Tuesday"
"2017-08-02","3,279","15,916",6.95,25,"1,202",119,35,84,"1,723","Wednesday"
"2017-08-03","2,650","10,332",4.45,29,"1,252",136,7,45,"1,044","Thursday"
"2017-08-04","2,415","6,123",2.6,9,"1,295",127,9,9,"739","Friday"
"2017-08-05","3,460","15,775",6.47,33,"1,068",220,108,44,"2,106","Saturday"
"2017-08-06","2,330","3,980",1.58,4,"1,290",133,16,1,"660","Sunday"
"2017-08-07","3,375","16,413",7,38,"1,167",152,45,76,"1,885","Monday"
"2017-08-08","3,117","12,046",5.32,23,"1,209",127,31,73,"1,566","Tuesday"
"2017-08-09","2,597","10,382",4.53,19,"1,280",108,11,41,"957","Wednesday"
"2017-08-10","1,919","1,571",0.66,1,"1,409",31,0,0,"167","Thursday"
"2017-08-11","3,032","10,779",4.37,15,"1,114",291,21,14,"1,504","Friday"
"2017-08-12","3,169","10,628",4.21,27,"1,078",342,18,2,"1,695","Saturday"
"2017-08-13","2,503","6,674",2.71,20,"1,255",177,4,4,"853","Sunday"
"2017-08-14","3,507","18,418",7.93,28,"1,138",142,46,114,"2,031","Monday"
"2017-08-15","3,576","18,756",8.21,29,"1,156",132,38,114,"2,079","Tuesday"
"2017-08-16","2,677","9,279",4.47,25,"1,303",77,15,45,"1,021","Wednesday"
"2017-08-17","2,787","11,162",4.74,25,"1,228",178,15,19,"1,187","Thursday"
"2017-08-18","5,678","26,713",10.44,128,"832",195,114,299,"4,529","Friday"
"2017-08-19","2,227","3,929",1.61,9,"1,336",92,8,4,"521","Saturday"
"2017-08-20","2,543","5,497",2.03,10,"1,222",206,12,0,"999","Sunday"
"2017-08-21","2,615","10,113",4.28,26,"1,247",164,16,13,"1,031","Monday"
"2017-08-22","3,258","12,705",5.33,32,"1,163",147,37,93,"1,768","Tuesday"
"2017-08-23","3,617","18,194",7.84,25,"1,140",176,22,102,"2,138","Wednesday"
"2017-08-24","3,418","15,408",6.61,27,"1,155",160,42,83,"1,914","Thursday"
"2017-08-25","2,936","12,436",5.26,24,"1,170",199,50,21,"1,419","Friday"
"2017-08-26","2,966","9,340",3.53,10,"1,104",336,0,0,"1,520","Saturday"
"2017-08-27","2,554","5,864",2.29,17,"1,233",199,6,2,"934","Sunday"
"2017-08-28","3,492","17,716",7.54,19,"1,113",224,18,85,"2,040","Monday"
"2017-08-29","3,483","18,512",8.07,29,"1,165",138,31,106,"1,964","Tuesday"
"2017-08-30","2,455","7,700",3.24,15,"1,297",118,4,21,"768","Wednesday"
"2017-08-31","2,415","8,274",3.56,12,"1,301",91,19,29,"769","Thursday"
